inn,status,address
1658152572,OK,КАЗАНЬ ХИМИЧЕСКАЯ 48
7801070620,OK,САНКТ-ПЕТЕРБУРГ ПУЛКОВСКОЕ 40
7327090005,OK,УЛЬЯНОВСК СИМБИРСКАЯ 7/1
2360009228,OK,КРАСНОДАР ИМ. ВАЛЕРИЯ ГАССИЯ 2
5024182052,OK,КРАСНОГОРСК ИЛЬИНСКОЕ 1А
6623075622,OK,НИЖНИЙ ТАГИЛ ЛЕНИНА 67
3666192910,OK,ВОРОНЕЖ ЛЕНИНА 56
9717108903,OK,МОСКВА ОЧАКОВСКОЕ 34
5638050428,OK,ОРЕНБУРГСКАЯ КООПЕРАТИВНАЯ 43
8904067003,OK,НОВЫЙ УРЕНГОЙ ЮБИЛЕЙНАЯ 5
2543154857,OK,ПРИМОРСКИЙ ЦЕНТРАЛЬНАЯ 30
1604010540,OK,ТАТАРСТАН Ш.ШАЙМИЕВА 8А
6455001697,OK,САРАТОВ ИМ СЛОНОВА И.А. 1
6685088928,OK,ЕКАТЕРИНБУРГ ГОРНИСТОВ 1Б
9723000344,OK,МОСКВА БУТЛЕРОВА 17
7706789407,OK,МОСКВА БОЛЬШАЯ ПОЛЯНКА 51А/9
9204563512,OK,СЕВАСТОПОЛЬ СОЛОВЬЕВА 4
7810855374,OK,САНКТ-ПЕТЕРБУРГ ВЫБОРГСКАЯ 5
7802148357,OK,САНКТ-ПЕТЕРБУРГ МИТРОФАНЬЕВСКОЕ 5
7720698889,OK,МОСКВА ВАРШАВСКОЕ 118
7703543324,OK,МОСКВА РЯЗАНСКИЙ 10
3525048992,OK,ЯРОСЛАВЛЬ РЕСПУБЛИКАНСКАЯ 81
5906077058,OK,ПЕРМЬ КЛАРЫ ЦЕТКИН 14
1655279884,OK,КАЗАНЬ АДОРАТСКОГО 29Д
3528211100,OK,ЧЕРЕПОВЕЦ ПРОМЫШЛЕННАЯ 21
9715223410,"Ошибка: can only concatenate str (not ""NoneType"") to str",
7604248060,OK,ЯРОСЛАВЛЬ НАУМОВА 67/2
2724075519,OK,ХАБАРОВСК СИНЕЛЬНИКОВА 20
5401304044,OK,НОВОСИБИРСК БОРИСА БОГАТКОВА 210/1
7204103416,OK,Тюмень МОСКОВСКИЙ ТРАКТ 134
7203475919,OK,ТЮМЕНЬ МАЛЫГИНА 84
5024204330,OK,ГРОЗНЫЙ У.А.САДАЕВА 1
1639057355,OK,НАБЕРЕЖНЫЕ ЧЕЛНЫ АЛЬМЕТЬЕВСКИЙ 32
5260363213,OK,НИЖНИЙ НОВГОРОД КАЗАНСКОЕ 2
7733333719,OK,МОСКВА 1-Й ЩИПКОВСКИЙ 1
6147040074,OK,КАМЕНСК-ШАХТИНСКИЙ 4-Я ЛИНИЯ 2
2301093108,OK,АНАПА ПИОНЕРСКИЙ 38
1657220036,OK,КАЗАНЬ АКАДЕМИКА ЛАВРЕНТЬЕВА 11
3808203046,OK,ИРКУТСК ФРИДРИХА ЭНГЕЛЬСА 17
1106014816,OK,УСИНСК ПАРКОВАЯ 11
7801621186,OK,САНКТ-ПЕТЕРБУРГ РЕКИ СМОЛЕНКИ 5-7
6312040240,OK,САМАРА МИРНАЯ 162
527002540,OK,МОСКВА ХРОМОВА 20
7814558855,OK,САНКТ-ПЕТЕРБУРГ РЕПИЩЕВА 14
1327022163,OK,МОСКВА ЭЛЕКТРОЗАВОДСКАЯ 24
7810434986,OK,САНКТ-ПЕТЕРБУРГ ЗАСТАВСКАЯ 22
6322037052,OK,ТОЛЬЯТТИ ПОБЕДЫ 4
7202108793,OK,МОСКВА ЛЮСИНОВСКАЯ 12А
3917022667,OK,КАЛИНИНГРАД ВОДНАЯ 10
6163105441,OK,МОСКВА ЛЕНИНСКИЙ 111
9718179093,OK,МОСКВА МОНТАЖНАЯ 9
9710027483,OK,МОСКВА КОМСОМОЛЬСКИЙ 42
7715433189,OK,МОСКВА НИЖНИЕ ПОЛЯ 31
2902060812,OK,СЕВЕРОДВИНСК ЖЕЛЕЗНОДОРОЖНАЯ 37
5024223037,OK,Красногорск ИЛЬИНСКОЕ 1А
7716576574,OK,МЫТИЩИ КОЛОНЦОВА 5
6324081498,OK,ТОЛЬЯТТИ ЮЖНОЕ 103А
2804019703,OK,БЕЛОГОРСК КИРОВА 281
8617013981,OK,СУРГУТ КОМПЛЕКТОВОЧНАЯ 7/1
2009000087,OK,ГУДЕРМЕС ШКОЛЬНАЯ 17
7728188311,OK,МОСКВА ОБРУЧЕВА 52
7733043569,OK,МОСКВА МИУССКАЯ 2
4823058324,OK,ЛИПЕЦК З.КОСМОДЕМЬЯНСКОЙ 224
7103048470,OK,ТУЛА ОРУЖЕЙНАЯ 8
7715984348,OK,МОСКВА 2-Й РОЩИНСКИЙ 8
6679092891,OK,ТЮМЕНЬ ГАЗОВИКОВ 38
107025791,OK,АДЫГЕЯ ЛЕНИНА 21Б
1326219505,OK,САРАНСК ВАСЕНКО 38А
1435307046,OK,ЯКУТСК КАЛАНДАРИШВИЛИ 43
2130083717,OK,ЧЕБОКСАРЫ БАБУШКИНА 2
7722824313,OK,МОСКВА ТЕСТОВСКАЯ 10
1650277562,OK,НАБЕРЕЖНЫЕ ЧЕЛНЫ НАБЕРЕЖНОЧЕЛНИНСКИЙ 21
7736259414,OK,МОСКВА ЩЕПКИНА 28
7805777138,OK,САНКТ-ПЕТЕРБУРГ НА ТУРУХТАННЫЕ ОСТРОВА 6
2311170457,OK,КРАСНОДАР ИМ. КОСМОНАВТА ГАГАРИНА 124
2129003280,OK,ЧЕБОКСАРЫ МАРПОСАДСКОЕ 38
608040896,OK,НАЗРАНЬ ТАНГИЕВА А-Г.Д. 45
7713008284,OK,МОСКВА ДМИТРОВСКИЙ 4
7424001716,OK,МОСКВА АКАДЕМИКА ТУПОЛЕВА 15
9103002856,OK,СИМФЕРОПОЛЬ МРАМОРНАЯ 3
3102037196,OK,БЕЛГОРОДСКАЯ ЛЕНИНА 1А
9715334294,OK,МОСКВА ГОСТИНИЧНАЯ 9
7022009793,OK,СТРЕЖЕВОЙ ЕРМАКОВА 6
3245500285,OK,БРЯНСК УРАЛЬСКАЯ 109
5040176585,OK,ЖУКОВСКИЙ ГАГАРИНА 64А
5001117650,OK,БАЛАШИХА СОЛНЕЧНАЯ 6А
7718842373,OK,МОСКВА НОВАЯ БАСМАННАЯ 9
2312200175,OK,Краснодар КОМСОМОЛЬСКАЯ 15
5015015295,"Ошибка: can only concatenate str (not ""NoneType"") to str",
2312266987,OK,УЛАН-УДЭ СВЕРДЛОВА 12Г
4028060536,OK,КАЛУГА БИЛИБИНА 6
7721506798,OK,МОСКВА ВОРОТНИКОВСКИЙ 8
7840065221,OK,САНКТ-ПЕТЕРБУРГ МИХАИЛА ДУДИНА 10
9103075830,OK,ЯЛТА МОСКОВСКАЯ 33А
2224183393,OK,БАРНАУЛ СЕВЕРО-ЗАПАДНАЯ 2В
7743142960,OK,МОСКВА ГОДОВИКОВА 9
7810444039,OK,САНКТ-ПЕТЕРБУРГ СМОЛЕНСКАЯ 33
7816401296,OK,САНКТ-ПЕТЕРБУРГ ДНЕПРОПЕТРОВСКАЯ 14
274176422,OK,УФА ВОИНОВ-ИНТЕРНАЦИОНАЛИСТОВ 7
7719408521,OK,МОСКВА ТРОФИМОВА 2А
5027006369,OK,ДЗЕРЖИНСКИЙ УГРЕШСКАЯ 30
5027135950,OK,МОСКВА ПОРЕЧНАЯ 31
7448146076,OK,ЧЕЛЯБИНСК ПОБЕДЫ 288
2311251522,OK,КРАСНОДАР РОСТОВСКОЕ ШОССЕ 14Б
9718001751,OK,КАЛУГА ЛЕНИНА 105
3906205764,OK,КАЛИНИНГРАД МОСКОВСКИЙ 186
7206030523,OK,ТОБОЛЬСК КОНДИНСКАЯ 10/2
5044095337,OK,СОЛНЕЧНОГОРСК КРАСНАЯ 23
5002106241,OK,ГРОЗНЫЙ ИМЕНИ АХМАТА АБДУЛХАМИДОВИЧА КАДЫРОВА 213
3123378447,OK,БЕЛГОРОД ГОРЬКОГО 54Б
7713468958,OK,МОСКВА 12-Й МАРЬИНОЙ РОЩИ 9
1655096560,OK,КАЗАНЬ ГАБДУЛЛЫ ТУКАЯ 57
7702681515,OK,МОСКВА КРУЗЕНШТЕРНА 12
7707836392,OK,МОСКВА ТОВАРИЩЕСКИЙ 13
7839462986,OK,САНКТ-ПЕТЕРБУРГ МОСКОВСКОЕ 231
3123465837,OK,БЕЛГОРОД МОКРОУСОВА 23А
7705937797,OK,МОСКВА ЛЕТНИКОВСКАЯ 10
7725370499,OK,МОСКВА АНДРОПОВА 10
6679091834,OK,ЕКАТЕРИНБУРГ ГРИБОЕДОВА 32К20
5904243246,OK,МОСКВА 1-Й НОВОКУЗНЕЦКИЙ 10А
7734399977,OK,МОСКВА ЭНТУЗИАСТОВ 34
5074068588,OK,Подольск БОЛЬШАЯ СЕРПУХОВСКАЯ 43
5906059080,OK,ПЕРМЬ ИНДУСТРИАЛИЗАЦИИ 3
6501181648,OK,ЮЖНО-САХАЛИНСК КОММУНИСТИЧЕСКИЙ 31Б/1
7728551648,OK,МОСКВА НОВАТОРОВ 7А
5506004658,OK,ОМСК 1-Я ИНДУСТРИАЛЬНАЯ 7
5027210212,OK,МОСКОВСКАЯ ШОССЕЙНАЯ 14А
7714429084,OK,МОСКВА ЛЕНИНГРАДСКИЙ 35
7204100711,OK,ТЮМЕНЬ ЛУНАЧАРСКОГО 20
6658542476,OK,ЕКАТЕРИНБУРГ ТАТИЩЕВА 49
3525115173,OK,ВОЛОГДА ОКРУЖНОЕ 1
7723704474,OK,МОСКВА СТРОГИНСКИЙ 4
7814462670,OK,САНКТ-ПЕТЕРБУРГ ПРОФЕССОРА ПОПОВА 23
7839411639,OK,САНКТ-ПЕТЕРБУРГ ДЫБЕНКО 16
9701187346,OK,МОСКВА НЕЖИНСКАЯ 5
3123377549,OK,БЕЛГОРОД ВОЛЧАНСКАЯ 163Д
5003110787,OK,ДОМОДЕДОВО ЛОГИСТИЧЕСКАЯ 1
5032234040,OK,МОСКОВСКАЯ АКУЛОВСКАЯ 2А
7716850996,OK,ЗЕЛЕНОГРАД СОСНОВАЯ 4
7451399013,OK,ЧЕЛЯБИНСК ВОРОШИЛОВА 35
6673132724,"Ошибка: can only concatenate str (not ""NoneType"") to str",
8602201809,OK,МОСКВА ВЕРХНЯЯ КРАСНОСЕЛЬСКАЯ 13
1646047943,OK,КАЗАНЬ МОСКОВСКАЯ 13А
7804537221,OK,САНКТ-ПЕТЕРБУРГ ПРИДОРОЖНАЯ 8
6167073060,OK,РОСТОВ-НА-ДОНУ ЧЕХОВА 71/187
2801016951,OK,БЛАГОВЕЩЕНСК СВ.ИННОКЕНТИЯ 1
7704592660,OK,МОСКВА 2-Я НОВООСТАНКИНСКАЯ 12
7203328537,OK,ТЮМЕНЬ МАКСИМА ГОРЬКОГО 76
5029232998,OK,МОСКВА 1-Я ЭНТУЗИАСТОВ 15
2465248015,OK,КРАСНОЯРСК СЕВЕРНОЕ 17К
7805437646,OK,САНКТ-ПЕТЕРБУРГ 18-Я В.О. 29
9703109706,OK,МОСКВА ПРЕСНЕНСКАЯ 12
7701866545,OK,МОСКВА БОЛЬШАЯ ПОЧТОВАЯ 26В
1834050040,OK,ИЖЕВСК НОВОСМИРНОВСКАЯ 10
7727221277,OK,МОСКВА НАМЁТКИНА 12А
5047154277,OK,ХИМКИ БАБАКИНА 5А
6658078487,OK,ЕКАТЕРИНБУРГ ТАТИЩЕВА 98
2466257083,OK,КРАСНОЯРСК МИРА 94
7714909436,OK,МОСКВА НИКОЛО-ХОВАНСКАЯ 28
6658399875,OK,ЕКАТЕРИНБУРГ НАЧДИВА ОНУФРИЕВА 10
6234132853,OK,РЯЗАНЬ ШОССЕЙНЫЙ 3
9103071553,OK,ЯЛТА ЩОРСА 47
7716780474,OK,МОСКВА ШИПИЛОВСКИЙ 47
2543121643,OK,ВЛАДИВОСТОК АННЫ ЩЕТИНИНОЙ 39
9103095360,OK,ЯЛТА ХАЛТУРИНА 49Б
2612018167,OK,СТАВРОПОЛЬСКИЙ ПАРКОВАЯ 1
7802031020,OK,САНКТ-ПЕТЕРБУРГ КАНТЕМИРОВСКАЯ 37
7328076959,OK,УЛЬЯНОВСК МОСКОВСКОЕ 92
1660339627,OK,КАЗАНЬ АДЕЛЯ КУТУЯ 86
7842127970,OK,САНКТ-ПЕТЕРБУРГ ПРОФЕССОРА ПОПОВА 23
7724745755,OK,МОСКВА АЛТУФЬЕВСКОЕ 48К1
5751005940,OK,ОРЁЛ МИРА 7Г
6686018232,OK,БЕРЕЗОВСКИЙ КРАСНЫХ ГЕРОЕВ 20
3525430601,OK,ГРОЗНЫЙ А.ШЕРИПОВА 55
7713161050,OK,МОСКВА ДМИТРОВСКОЕ 107Б
6673227920,OK,ЕКАТЕРИНБУРГ БЛЮХЕРА 16Б
2312149874,OK,КРАСНОДАР КРАСНОАРМЕЙСКАЯ 40
7714957479,OK,ЖУКОВСКИЙ МИЧУРИНА 9
7718289913,OK,МОСКВА 1-Я ЭНТУЗИАСТОВ 3
3525319233,OK,ВОЛОГДА ПАНКРАТОВА 40
7713479491,OK,МОСКВА ДМИТРОВСКОЕ 107
6671077940,OK,ЕКАТЕРИНБУРГ АКАДЕМИКА БАРДИНА 13
7203330254,OK,ТЮМЕНЬ 50 ЛЕТ ВЛКСМ 51
6118008728,OK,ВОЛГОДОНСК ВЕЛИКОЙ ПОБЕДЫ 13
5257145631,OK,НИЖНИЙ НОВГОРОД ЯБЛОНЕВАЯ 28
4029051904,OK,КАЛУГА ВОСКРЕСЕНСКИЙ 15
5001122378,OK,КРАСНОГОРСК ДАЧНАЯ 11А
2308114879,OK,КРАСНОДАР ИМ. 40-ЛЕТИЯ ПОБЕДЫ 37
7130031154,OK,КОХМА ОКТЯБРЬСКАЯ 49А
274925865,OK,УФА ДАЯНА МУРЗИНА 9/1
1656094318,OK,Казань РОТОРНАЯ 27Б
7717007644,OK,МОСКВА ЦАНДЕРА 6
7702019661,OK,МОСКВА ОРЛОВО-ДАВЫДОВСКИЙ 2/5
7733263469,OK,МОСКВА КРАСНОХОЛМСКАЯ 1/15
3662149086,OK,ВОРОНЕЖ ШИШКОВА 75Б
7702536109,OK,МОСКВА НИЖНЯЯ СЫРОМЯТНИЧЕСКАЯ 10
2310223730,OK,КРАСНОДАР КУБАНСКАЯ НАБЕРЕЖНАЯ 37
2222022619,OK,БАРНАУЛ КАЛИНИНА 116/2
7604259048,OK,ЯРОСЛАВЛЬ МОСКОВСКИЙ 31
4823056743,OK,ЛИПЕЦК ДОВАТОРА 10А
3906314996,OK,КАЛИНИНГРАДСКАЯ ИНДУСТРИАЛЬНАЯ 6
7802593414,OK,САНКТ-ПЕТЕРБУРГ ЧАЙКОВСКОГО 65-67
3444259931,OK,ВОЛГОГРАД СОВЕТСКАЯ 28
1633009588,OK,КАЗАНЬ ТЕАТРАЛЬНАЯ 5
7722487555,OK,МОСКВА АВИАМОТОРНАЯ 12
7536158377,OK,ЧИТА БУТИНА 72
7714299854,OK,МОСКВА МНЁВНИКИ 3
7451064200,OK,ЧЕЛЯБИНСК ПОБЕДЫ 160
3442098118,OK,ВОЛГОГРАД БОГУНСКАЯ 12А
5040155680,OK,РАМЕНСКОЕ ВЫСОКОВОЛЬТНАЯ 21
9102021944,OK,СИМФЕРОПОЛЬ ЛАВАНДОВЫЙ 2А
1655284186,OK,КАЗАНЬ АДЕЛЯ КУТУЯ 157
7813213382,OK,САНКТ-ПЕТЕРБУРГ ПРОФЕССОРА ПОПОВА 23
7751179308,OK,ТРОИЦК ПОЛКОВНИКА МИЛИЦИИ КУРОЧКИНА 19
276092746,OK,УФА ПЕРВОМАЙСКАЯ 32/1
7225005025,OK,Тюмень ВОРОНИНСКИЕ ГОРКИ 101Б
7733801886,OK,МОСКВА СВОБОДЫ 31
6671139146,OK,ЕКАТЕРИНБУРГ ГОГОЛЯ 18
5904350618,OK,ПЕРМЬ КУЙБЫШЕВА 50
7710909869,OK,МОСКВА ТРЁХПРУДНЫЙ 11/13
7722412888,OK,МОСКВА 1-Й КРАСНОКУРСАНТСКИЙ 5/7
6670381377,OK,ЕКАТЕРИНБУРГ МОСКОВСКАЯ 1
9201003784,OK,СИМФЕРОПОЛЬ СУВОРОВСКИЙ 5
9705037905,OK,МОСКВА ГЕРОЕВ ПАНФИЛОВЦЕВ 16
7203094857,OK,ТЮМЕНЬ ПОЛЕВАЯ 115 Б
7716834257,OK,ГРОЗНЫЙ ИМ Г.Н.ТРОШЕВА 83А
5261026323,OK,НИЖНИЙ НОВГОРОД ЗАОВРАЖНАЯ 6
6670476678,OK,ЕКАТЕРИНБУРГ ШЕВЧЕНКО 9
7802707358,OK,САНКТ-ПЕТЕРБУРГ ЛИСТВЕННАЯ 20
3627008639,OK,РОССОШЬ ПРОМЫШЛЕННАЯ 17
7714468005,OK,МОСКВА МОСФИЛЬМОВСКАЯ 17Б
4004021545,OK,КОНДРОВО КОМСОМОЛЬСКАЯ 11А
1657124526,OK,КАЗАНЬ ПАРИЖСКОЙ КОММУНЫ 8
2308196582,OK,КРАСНОДАР ИМ. СЕЛЕЗНЕВА 2\5
8905039369,"Ошибка: can only concatenate str (not ""NoneType"") to str",
2801106556,OK,БЛАГОВЕЩЕНСК УГЛОВОЙ 14
7723596596,OK,МОСКВА ЭНТУЗИАСТОВ 34
5047241949,OK,МОСКВА ФЕСТИВАЛЬНАЯ 9
7720803653,OK,ФЕОДОСИЯ ГОРЬКОГО 19
7726471919,OK,МОСКВА СТАРОБИТЦЕВСКАЯ 21
6629003208,OK,НОВОУРАЛЬСК СЕРОВА 4
6452934991,OK,САРАТОВ ИМ БИРЮЗОВА С.С. 22
7204200191,OK,ТЮМЕНЬ ЛУНАЧАРСКОГО 20
7024045236,OK,СЕВЕРСК АВТОДОРОГА 4/3
7736540833,OK,ОМСК КРАСНОФЛОТСКАЯ 24
7453316894,OK,ЧЕЛЯБИНСК КИРОВА 159
5503081397,OK,САНКТ-ПЕТЕРБУРГ ЖУКОВСКОГО 63
7725127342,OK,МОСКВА ЛЕНИНСКИЙ 42
6950180271,OK,ТВЕРЬ ВЕРЫ БОНЧ-БРУЕВИЧ 16
7705989107,OK,МОСКВА АКАДЕМИКА КОРОЛЕВА 13
7716922376,OK,САНКТ-ПЕТЕРБУРГ ТЕЛЕЖНАЯ 37
7723568486,OK,МОСКВА ЛЕНИНСКИЙ 111
1215078778,OK,ЙОШКАР-ОЛА ЛЬВА ТОЛСТОГО 62
7723788971,OK,МОСКВА ЛЕНИНГРАДСКИЙ 45
5402065381,OK,НОВОСИБИРСК СВЕТЛАНОВСКАЯ 50/2
7811421411,OK,САНКТ-ПЕТЕРБУРГ ПРОФЕССОРА ПОПОВА 23
7724362336,OK,МОСКВА ЛЕНИНГРАДСКИЙ 31
7722732736,OK,МОСКВА 1-Й МАГИСТРАЛЬНЫЙ 11СТР1
7203455253,OK,ТЮМЕНЬ ПЕРМЯКОВА 57
1660191628,OK,КАЗАНЬ РОДИНЫ 20Б
3525168721,OK,МОСКВА ЗЕМЛЯНОЙ ВАЛ 64
7806368219,OK,САНКТ-ПЕТЕРБУРГ СМОЛЬНЫЙ 11
6501067536,OK,ЮЖНО-САХАЛИНСК ЛЕНИНА 384Б/1
3907000135,OK,КАЛИНИНГРАД В.ДЕНИСОВА 24
6449044283,OK,ЭНГЕЛЬС ЛЬВА КАССИЛЯ 14
7204034836,OK,ТЮМЕНСКАЯ БУРЛАКИ 23Б
2115000346,OK,ЦИВИЛЬСК ПАВЛА ИВАНОВА 8
7728344514,OK,МОСКВА НАХИМОВСКИЙ 32
7725815596,OK,МОСКВА РЕЧНИКОВ 19
3663033415,OK,ВОРОНЕЖСКАЯ ЛЕНИНА 275
3666106573,OK,ВОРОНЕЖ ВОЛГОГРАДСКАЯ 46А
7706800259,OK,МОСКВА ШЛЮЗОВАЯ 8
2721254245,OK,ХАБАРОВСК ГАЙДАРА 14
1657112351,OK,МОСКВА ГРАЙВОРОНОВСКАЯ 4
2320205280,OK,СОЧИ ТОННЕЛЬНАЯ 2Б
2128007123,OK,ЧЕБОКСАРЫ ЯРОСЛАВСКАЯ 76
5050117620,OK,ФРЯЗИНО ВОКЗАЛЬНАЯ 6А
1660329918,OK,КАЗАНЬ МОСКОВСКАЯ 13А
5013048425,OK,ЖУКОВСКИЙ ПРАВОЛИНЕЙНАЯ 33
9725042124,OK,МОСКВА ФЕРГАНСКАЯ 6
2129005369,OK,ЧЕБОКСАРЫ МИЧМАНА ПАВЛОВА 39
5905952421,OK,ПЕРМЬ 3-Я ТЕПЛОПРОВОДНАЯ 3А
1657102836,OK,МОСКВА ШВЕРНИКА 18
9701069818,OK,МОСКВА НИЖНЯЯ КРАСНОСЕЛЬСКАЯ 35
9723078140,OK,МОСКВА ШАРИКОПОДШИПНИКОВСКАЯ 38
2460230180,OK,КРАСНОЯРСК ТЕХНОЛОГИЧЕСКАЯ 2
7712103721,OK,МОСКВА ХРОМОВА 20
7813561260,OK,САНКТ-ПЕТЕРБУРГ ПРОФЕССОРА ПОПОВА 23
7728838739,OK,САНКТ-ПЕТЕРБУРГ ДОМОСТРОИТЕЛЬНАЯ 16
7725294304,OK,МОСКВА МАЛАЯ КАЛУЖСКАЯ 27
545018736,OK,КАСПИЙСК М.ХАЛИЛОВА 32
5614014188,OK,ОРСК СТРОИТЕЛЕЙ 35А
7840092218,OK,МОСКВА ХЕРСОНСКАЯ 5
2315993797,OK,НОВОРОССИЙСК СПОРТИВНАЯ 2В
1655476201,OK,КАЗАНЬ МАЗИТА ГАФУРИ 50
4703142302,OK,САНКТ-ПЕТЕРБУРГ ПЛЕСЕЦКАЯ 2
6671069996,OK,ЕКАТЕРИНБУРГ СТЕПАНА РАЗИНА 107А
2320101700,OK,СОЧИ КУРОРТНЫЙ 31
1001155425,OK,ПЕТРОЗАВОДСК ПЕРВОМАЙСКИЙ 9
275922105,OK,УФА ГАФУРИ 77
276156728,OK,УФА БАЯЗИТА БИКБАЯ 44А
3460059841,OK,ТАМБОВ М.ГОРЬКОГО 16
6164108822,OK,КРАСНОГОРСК 20 5
1609036742,OK,ТАТАРСТАН МТС 1А
6442011063,OK,САРАНСК АЛЕКСАНДРОВСКОЕ 7
5003059160,OK,МОСКВА БАЧУРИНСКАЯ 7
6671268279,OK,ЕКАТЕРИНБУРГ МОСКОВСКАЯ 249
4703156697,OK,ЛЕНИНГРАДСКАЯ НОВАЯ 14А
7455013408,OK,МАГНИТОГОРСК ЛЮБИМАЯ 20
2304016990,"Ошибка: can only concatenate str (not ""NoneType"") to str",
7830001934,OK,САНКТ-ПЕТЕРБУРГ УМАНСКИЙ 71
9103000552,OK,ЯЛТА САДОВАЯ 31
7451385973,OK,ЧЕЛЯБИНСК МАРКСА 38
7207011121,OK,КУРГАН БУРОВА-ПЕТРОВА 112
4826076233,OK,ЛИПЕЦК БАЛМОЧНЫХ С.Ф. 38
6685029320,OK,ЕКАТЕРИНБУРГ БОРИСА ЕЛЬЦИНА 3/2
7716825630,OK,МОСКВА ЛЮБЛИНСКАЯ 141
2626047418,OK,ЕССЕНТУКИ НИКОЛЬСКАЯ 15А
7838030937,OK,САНКТ-ПЕТЕРБУРГ КОМИССАРА СМИРНОВА 11
5610162795,OK,МОСКВА БОЛЬШАЯ ЧЕРЁМУШКИНСКАЯ 2
1414006922,OK,МОСКВА МАЛАЯ ПОЛЯНКА 12А
7810741105,OK,САНКТ-ПЕТЕРБУРГ КУЗНЕЦОВСКАЯ 21
6623099687,OK,НИЖНИЙ ТАГИЛ КУЛИБИНА 62
1657243900,OK,КАЗАНЬ ГЛАДИЛОВА 54
5027232992,OK,ЛЮБЕРЦЫ ЛЕСОПИТОМНИК 7
7604178889,OK,МОСКВА ГИЛЯРОВСКОГО 57
4025068752,OK,ОБНИНСК АКСЕНОВА 9Б
277039262,OK,УФА ЗЕЛЕНАЯ РОЩА 9/1
8913007307,"Ошибка: can only concatenate str (not ""NoneType"") to str",
3923003260,OK,МОСКОВСКАЯ МАРШАЛА НЕДЕЛИНА 6Б
7453326003,OK,ЧЕЛЯБИНСК КИРОВА 159
7733732294,OK,МОСКВА ЭЛЕКТРОЛИТНЫЙ 1
7840011219,OK,САНКТ-ПЕТЕРБУРГ ФУРШТАТСКАЯ 32
7729780129,OK,МОСКВА МИРА 36
5038142162,OK,МОСКОВСКАЯ ГЕРЦЕНА 30
9701193371,OK,МОСКВА СТАРОБИТЦЕВСКАЯ 21
3426013251,OK,ВОЛГОГРАД АЗЕРБАЙДЖАНСКАЯ 272А
7723434605,OK,МОСКВА ЛЮБЛИНСКАЯ 64
572009113,OK,МАХАЧКАЛА АЗИЗОВА 5
9723045458,OK,МОСКВА 2-Й КАПОТНИНСКИЙ 1
5406825428,OK,НОВОСИБИРСК ВОЕННАЯ 4
546017950,OK,КИЗИЛЮРТ ПЕРВОМАЙСКАЯ 124
9102213727,OK,СИМФЕРОПОЛЬ ЛЕНИНА 12
7731477962,OK,МОСКВА ЛОМОНОСОВСКИЙ 38
1658153135,OK,ТАТАРСТАН ТУКАЯ 87А
1435166758,OK,ГРОЗНЫЙ САНКТ-ПЕТЕРБУРГСКАЯ 27
2317057426,OK,СОЧИ ГАСТЕЛЛО 28
7825405201,OK,САНКТ-ПЕТЕРБУРГ ХРУСТАЛЬНАЯ 21
7702834017,OK,МОСКВА ГИЛЯРОВСКОГО 57
5310013513,OK,ВЕЛИКИЙ НОВГОРОД БЕРЕГОВАЯ 15
571008251,OK,МАХАЧКАЛА ХИВСКАЯ 6
5835089167,OK,МОСКВА ЛЕТНИКОВСКАЯ 10
6658070216,OK,ЕКАТЕРИНБУРГ ЛЕНИНА 5
7710626490,OK,МОСКОВСКАЯ МОЖАЙСКОЕ 143А
711021079,OK,НАЛЬЧИК ЖЕЛЕЗНОДОРОЖНЫЙ 10
7704040517,OK,МОСКВА ПЕТРОВКА 15/13
2524004983,OK,НАХОДКА БАЗОВАЯ 32
1639056866,OK,ТАТАРСТАН МАГИСТРАЛЬНАЯ 1
7728836114,OK,МОСКВА НАМЁТКИНА 12А
7727813770,OK,МОСКВА СТАРОБИТЦЕВСКАЯ 15
7721732282,OK,МОСКВА ЭНТУЗИАСТОВ 34
7733881088,OK,МОСКВА КУСКОВСКАЯ 20А
7714974555,OK,МОСКВА ЛЕНИНГРАДСКИЙ 68
6165167732,OK,РОСТОВ-НА-ДОНУ ОЧАКОВСКАЯ 30/30
2126003691,OK,ЧЕБОКСАРЫ ПЕТРОВА 6
1840068380,OK,Ижевск МОЛОДЕЖНАЯ 46
6950210102,OK,ТВЕРЬ 15 ЛЕТ ОКТЯБРЯ 10
7726445683,OK,МОСКВА ГЕНЕРАЛА ЕРМОЛОВА 10/6
7718064349,OK,МОСКВА 2-Я ПУГАЧЕВСКАЯ 4
5256199810,OK,ХИМКИ РЕПИНА 2/27
534031679,OK,ХАСАВЮРТ ЭКСКАВАТОРНАЯ 2
2460089964,OK,КРАСНОЯРСК ЛАДО КЕЦХОВЕЛИ 20
3706011835,OK,ИВАНОВСКАЯ ЗЕЛЕНАЯ 79Ф
1327018992,OK,САРАНСК АЛЕКСАНДРОВСКОЕ 8А
7723882491,OK,МОСКВА ОСЕННЯЯ 23
6950126034,OK,ТВЕРЬ ЛЕВИТАНА 48
4205085115,OK,КЕМЕРОВО ШАХТЕРСКАЯ 1
4345468069,OK,КИРОВ КАЗАНСКАЯ 77Б
5405375060,OK,НОВОСИБИРСК ЖЕЛЕЗНОДОРОЖНАЯ 15/2
5044125655,OK,МОСКВА ТРУБНАЯ 2
7708262060,OK,МОСКВА 6-Я НОВЫЕ САДЫ 2
7723906368,OK,ДОМОДЕДОВО КАШИРСКОЕ ШОССЕ 17А
7816319041,OK,МОСКВА КАШИРСКИЙ 7
9704143450,OK,МОСКВА 1-Й ТРУЖЕНИКОВ 14
7813570948,OK,САНКТ-ПЕТЕРБУРГ ПИОНЕРСКАЯ 30
2465122735,OK,Красноярск МАЕРЧАКА 10
7733661420,OK,МОСКВА АЛЕКСАНДРЫ МОНАХОВОЙ 30
7727270490,OK,МОСКОВСКАЯ СВОБОДЫ 10
7802651514,OK,САНКТ-ПЕТЕРБУРГ КАНАЛА ГРИБОЕДОВА 6/2
2543059498,OK,ВЛАДИВОСТОК СНЕГОВАЯ 98
9102056626,OK,СИМФЕРОПОЛЬ СЕВАСТОПОЛЬСКАЯ 43Б
2466245602,OK,КРАСНОЯРСК МИРА 94
6670115960,OK,ЕКАТЕРИНБУРГ АМУНДСЕНА 105
7727631139,OK,МОСКВА ВОРОНЦОВСКИЕ ПРУДЫ 3
1655211533,OK,КАЗАНЬ КАРЛА ФУКСА 11/6
7813184156,OK,САНКТ-ПЕТЕРБУРГ ТАШКЕНТСКАЯ 1
6671388294,OK,ЕКАТЕРИНБУРГ МАЛЫШЕВА 51
3128001437,OK,СТАРЫЙ ОСКОЛ ОЛИМПИЙСКИЙ 62
5906119082,OK,ПЕРМЬ НОВОЗВЯГИНСКАЯ 57
7604214008,OK,МОСКВА НЕМАНСКИЙ 1
8602194090,OK,НИЖНЕВАРТОВСК ИНДУСТРИАЛЬНАЯ 105
7455024456,OK,МАГНИТОГОРСК 50-ЛЕТИЯ МАГНИТКИ 59А
6685077926,"Ошибка: can only concatenate str (not ""NoneType"") to str",
5238000045,OK,НИЖЕГОРОДСКАЯ ПУШКИНА 33
7726761368,OK,МОСКВА ЯРОСЛАВСКОЕ 146
7801329632,OK,САНКТ-ПЕТЕРБУРГ ПРЕДПОРТОВАЯ 6
7708367545,OK,МОСКВА КОМСОМОЛЬСКАЯ 6
6679080511,OK,ЕКАТЕРИНБУРГ МАШИННАЯ 1Б
2540215942,OK,ВЛАДИВОСТОК КРАСНОГО ЗНАМЕНИ 114А
7715465840,OK,ГРОЗНЫЙ ДЬЯКОВА 15/20
2315120129,OK,НОВОРОССИЙСК СОВЕТОВ 55
6234165390,OK,РЯЗАНЬ МАЯКОВСКОГО 1А
2543051851,OK,ВЛАДИВОСТОК СВЕТЛАНСКАЯ 51А
7840100451,OK,САНКТ-ПЕТЕРБУРГ ЛИГОВСКИЙ 43-45
2538148230,OK,ВЛАДИВОСТОК АКСАКОВСКАЯ 3В
7724937168,OK,МОСКВА АКАДЕМИКА МИЛЛИОНЩИКОВА 20А
7810950701,OK,САНКТ-ПЕТЕРБУРГ ПУЛКОВСКОЕ 14
5405023608,OK,НОВОСИБИРСК ФРУНЗЕ 71/1
5262316681,OK,НИЖНИЙ НОВГОРОД ГЕНКИНОЙ 25 А
6679157757,OK,Екатеринбург СУРИКОВА 53
7820338706,OK,САНКТ-ПЕТЕРБУРГ КОККОЛЕВСКАЯ 1
2801223500,OK,БЛАГОВЕЩЕНСК СТУДЕНЧЕСКАЯ 21/1
2632104953,OK,ПЯТИГОРСК ЕРМОЛОВА 20О
1660295320,OK,КАЗАНЬ ДУСЛЫК 8
2311250208,OK,КРАСНОДАР ИМ. ВОРОВСКОГО 172
2901285115,"Ошибка: can only concatenate str (not ""NoneType"") to str",
4004016390,OK,ГРОЗНЫЙ ТОБОЛЬСКАЯ 17
6670447758,OK,ЕКАТЕРИНБУРГ МАМИНА-СИБИРЯКА 101
9723036774,OK,МОСКВА 8-Я ТЕКСТИЛЬЩИКОВ 11
5029172308,OK,МОСКВА НАУЧНЫЙ 17
9102032689,OK,СИМФЕРОПОЛЬ ПОБЕДЫ 28А
4501187413,OK,КУРГАН ЗАГОРОДНАЯ 3
9729011159,OK,МОСКВА КАЛАНЧЕВСКАЯ 15А
1603002962,OK,КАЗАНЬ ЩЕРБАКОВСКИЙ 7
7802699844,OK,САНКТ-ПЕТЕРБУРГ РЕКИ СМОЛЕНКИ 5
7813439894,OK,САНКТ-ПЕТЕРБУРГ ДЫБЕНКО 16
3801993892,OK,АНГАРСК КАРЛА МАРКСА 74А
7707396423,OK,КИРОВ КАЗАНСКАЯ 24
6230092649,OK,РЯЗАНЬ ЕСЕНИНА 65
3664095206,OK,ВОРОНЕЖ 9 ЯНВАРЯ 30
7720189754,OK,ПОДОЛЬСК АКАДЕМИКА ДОЛЛЕЖАЛЯ 24
4501137050,OK,НОВОСИБИРСК КАРЛА МАРКСА 43
4501090108,OK,КУРГАН КУЙБЫШЕВА 36
5903110050,OK,ПЕРМЬ СИБИРСКАЯ 47А
277114858,OK,УФА САМАРКАНДСКАЯ 1/4
608007747,OK,ГРОЗНЫЙ ИМЕНИ ХУСЕЙНА АБУБАКАРОВИЧА ИСАЕВА 36
7730032150,OK,МОСКВА 2-Я ЭНТУЗИАСТОВ 5
6670459753,"Ошибка: can only concatenate str (not ""NoneType"") to str",
9715426146,OK,МОСКВА НОВОДМИТРОВСКАЯ 2
2014259624,OK,ГРОЗНЫЙ ИМ МИРЗОЕВА 25
1660256032,OK,КАЗАНЬ ГВАРДЕЙСКАЯ 33
7718894438,OK,МОСКВА 24-Й 1
3128133112,OK,БЕЛГОРОДСКАЯ ЦЕНТРАЛЬНАЯ 18
3616008757,OK,ВОРОНЕЖ ОСТУЖЕВА 21
7802199601,OK,САНКТ-ПЕТЕРБУРГ КОСТРОМСКОЙ 62
2543125207,OK,Владивосток 100-ЛЕТИЯ ВЛАДИВОСТОКА 155
7701529116,OK,МОСКВА КРЖИЖАНОВСКОГО 15
1657191681,OK,МОСКВА МЫТНАЯ 28
3435052585,OK,ВОЛЖСКИЙ ИМ ЛЕНИНА 353А
6452148677,OK,САРАТОВ МОСКОВСКАЯ 113/117
7325124442,OK,ВОЛГОГРАД ИМ. СОЛНЕЧНИКОВА 11
4027136246,OK,КАЛУГА МОСКОВСКАЯ 237
5503113553,OK,СОЧИ ГАСТЕЛЛО 23А
6685029520,"Ошибка: can only concatenate str (not ""NoneType"") to str",
9731014414,OK,МОСКВА 1-Й ВОЛКОНСКИЙ 15
7716230720,OK,ПЕТРОЗАВОДСК КАРЛА МАРКСА 24А
7716890406,OK,МОСКВА 17-Й МАРЬИНОЙ РОЩИ 4
608005450,OK,НАЗРАНЬ БЕЛХАРОЕВА 11
4825067331,OK,ЛИПЕЦК ПОПЕРЕЧНЫЙ 15
7734212347,OK,МОСКВА ЩИПОК 18
6658473007,OK,ЕКАТЕРИНБУРГ СВЕРДЛОВА 48
7703595570,OK,МОСКВА БРЮСОВ 2/14
7806056530,OK,САНКТ-ПЕТЕРБУРГ БАДАЕВА 8
7801421194,OK,САНКТ-ПЕТЕРБУРГ 18-Я В.О. 29
5032273578,OK,МОСКОВСКАЯ ТРЕХГОРНАЯ 4
7802856889,OK,САНКТ-ПЕТЕРБУРГ УДЕЛЬНЫЙ 5
2457049753,OK,МОСКВА АКАДЕМИКА ПАВЛОВА 56
7729494230,OK,МОСКВА РЯБИНОВАЯ 61А
3849057370,OK,ИРКУТСК СУРНОВА 56
2303021331,OK,БЕЛОРЕЧЕНСК ПРИОЗЕРНАЯ 5
7816300957,OK,САНКТ-ПЕТЕРБУРГ ФУЧИКА 4
7725401757,OK,МОСКВА ХЕРСОНСКАЯ 5
7720714650,OK,МОСКВА ЗООЛОГИЧЕСКАЯ 10
5902881028,OK,МОСКВА ВОЛГОГРАДСКИЙ 45
1207008978,OK,МАРИЙ ЭЛ ЧЕХОВА 24
6316270445,OK,САМАРА МОСКОВСКОЕ 43
5903070946,OK,ПЕРМСКИЙ КОСМОНАВТОВ 320Б/11
6950108726,OK,ТВЕРЬ СВОБОДНЫЙ 9
9725028948,OK,МОСКВА ЭЛЕКТРОДНАЯ 12
9729326504,OK,МОСКВА КАХОВКА 20А
4823056870,OK,ЛИПЕЦК ГАГАРИНА 110
7451422174,OK,ЧЕЛЯБИНСК ТОМИНСКАЯ 8
1655384303,OK,КАЗАНЬ ПУШКИНА 52
2465012193,OK,КРАСНОЯРСК ВЫСОТНАЯ 2Ц
7706460228,OK,МОСКВА МЫТНАЯ 28
2312233653,OK,КРАСНОДАР ИМ. ФАДЕЕВА 212
7714967999,OK,МОСКВА 2-Й ХОРОШЁВСКИЙ 7
7017334036,OK,ТОМСК ПУШКИНА 63Г
2007007150,OK,ЧЕЧЕНСКАЯ МИРА 22
6318234481,OK,МОСКВА ЭЛЕКТРОЛИТНЫЙ 1Б
