inn,status,address,location
1658152572,OK,КАЗАНЬ ХИМИЧЕСКАЯ 48,"48, Химическая улица, Жилплощадка, Московский район, Казань, городской округ Казань, Татарстан, Приволжский федеральный округ, 420091, Россия"
7801070620,OK,САНКТ-ПЕТЕРБУРГ ПУЛКОВСКОЕ 40,"40, Пулковское шоссе, Ленинградская сторона, округ Звёздное, Санкт-Петербург, Северо-Западный федеральный округ, 196246, Россия"
7327090005,OK,УЛЬЯНОВСК СИМБИРСКАЯ 7/1,"Симбирская улица, Мостовая, Ленинский район, Ульяновск, городской округ Ульяновск, Ульяновская область, Приволжский федеральный округ, 432027, Россия"
2360009228,OK,КРАСНОДАР ИМ. ВАЛЕРИЯ ГАССИЯ 2,
5024182052,OK,КРАСНОГОРСК ИЛЬИНСКОЕ 1А,"Бизнес-центр «Красногорск Плаза», 1А, Ильинское шоссе, Павшино, Красногорск, городской округ Красногорск, Московская область, Центральный федеральный округ, 143405, Россия"
6623075622,OK,НИЖНИЙ ТАГИЛ ЛЕНИНА 67,"67, проспект Ленина, Выя, Ленинский район, Нижний Тагил, муниципальный округ Нижний Тагил, Свердловская область, Уральский федеральный округ, 622034, Россия"
3666192910,OK,ВОРОНЕЖ ЛЕНИНА 56,"Ленина, Юрасовка, Караяшниковское сельское поселение, Ольховатский район, Воронежская область, Центральный федеральный округ, Россия"
9717108903,OK,МОСКВА ОЧАКОВСКОЕ 34,"34, Очаковское шоссе, район Очаково-Матвеевское, Москва, Центральный федеральный округ, 119530, Россия"
5638050428,OK,ОРЕНБУРГСКАЯ КООПЕРАТИВНАЯ 43,"43, Кооперативная улица, Подгородняя Покровка, Подгородне-Покровский сельсовет, Оренбургский район, Оренбургская область, Приволжский федеральный округ, 460511, Россия"
8904067003,OK,НОВЫЙ УРЕНГОЙ ЮБИЛЕЙНАЯ 5,"Ямал, 5, Юбилейная улица, Новый Уренгой, городской округ Новый Уренгой, Ямало-Ненецкий автономный округ, Уральский федеральный округ, 629305, Россия"
2543154857,OK,ПРИМОРСКИЙ ЦЕНТРАЛЬНАЯ 30,"30, Центральная улица, Верхние Валдушки, Верхнее Ладино, Приморский муниципальный округ, Архангельская область, Северо-Западный федеральный округ, 163035, Россия"
1604010540,OK,ТАТАРСТАН Ш.ШАЙМИЕВА 8А,
6455001697,OK,САРАТОВ ИМ СЛОНОВА И.А. 1,
6685088928,OK,ЕКАТЕРИНБУРГ ГОРНИСТОВ 1Б,"1Б, проезд Горнистов, Малый Исток, Кольцово, Октябрьский район, Екатеринбург, городской округ Екатеринбург, Свердловская область, Уральский федеральный округ, 620060, Россия"
9723000344,OK,МОСКВА БУТЛЕРОВА 17,"Neo Geo, 17, улица Бутлерова, район Коньково, Москва, Центральный федеральный округ, 117342, Россия"
7706789407,OK,МОСКВА БОЛЬШАЯ ПОЛЯНКА 51А/9,"51А/9, улица Большая Полянка, район Якиманка, Москва, Центральный федеральный округ, 109180, Россия"
9204563512,OK,СЕВАСТОПОЛЬ СОЛОВЬЕВА 4,"4, улица Соловьёва, 1 микрорайон, Ленинский округ, Ленинский район, Севастополь, 299029, Україна"
7810855374,OK,САНКТ-ПЕТЕРБУРГ ВЫБОРГСКАЯ 5,"5, Выборгская улица, Выборгская сторона, округ Сампсониевское, Санкт-Петербург, Северо-Западный федеральный округ, 194044, Россия"
7802148357,OK,САНКТ-ПЕТЕРБУРГ МИТРОФАНЬЕВСКОЕ 5,"5, Митрофаньевское шоссе, округ Измайловское, Санкт-Петербург, Северо-Западный федеральный округ, 198005, Россия"
7720698889,OK,МОСКВА ВАРШАВСКОЕ 118,"Московский центр боевых искусств, 118, Варшавское шоссе (дублёр), район Чертаново Северное, Москва, Центральный федеральный округ, 117587, Россия"
7703543324,OK,МОСКВА РЯЗАНСКИЙ 10,"Школа на Юго-Востоке имени Маршала В. И. Чуйкова, дошкольное отделение № 10, Окская улица, район Кузьминки, Москва, Центральный федеральный округ, 109428, Россия"
3525048992,OK,ЯРОСЛАВЛЬ РЕСПУБЛИКАНСКАЯ 81,"81, Республиканская улица, Кировский район, городской округ Ярославль, Ярославская область, Центральный федеральный округ, 150000, Россия"
5906077058,OK,ПЕРМЬ КЛАРЫ ЦЕТКИН 14,"14, улица Клары Цеткин, Громова, Свердловский район, Пермь, Пермский городской округ, Пермский край, Приволжский федеральный округ, 614010, Россия"
1655279884,OK,КАЗАНЬ АДОРАТСКОГО 29Д,"29Д, улица Адоратского, Молодёжно-жилищный комплекс, 25-й квартал, Брикетный, Ново-Савиновский район, Казань, городской округ Казань, Татарстан, Приволжский федеральный округ, 420132, Россия"
3528211100,OK,ЧЕРЕПОВЕЦ ПРОМЫШЛЕННАЯ 21,"21, Промышленная улица, Промзона, Череповец, городской округ Череповец, Вологодская область, Северо-Западный федеральный округ, 162611, Россия"
9715223410,"Ошибка: can only concatenate str (not ""NoneType"") to str",,"ننگرهار ولايت, افغانستان"
7604248060,OK,ЯРОСЛАВЛЬ НАУМОВА 67/2,"улица Наумова, Бутырки, Красноперекопский район, городской округ Ярославль, Ярославская область, Центральный федеральный округ, 150001, Россия"
2724075519,OK,ХАБАРОВСК СИНЕЛЬНИКОВА 20,"20 литЛ, улица Синельникова, Большая-Вяземская, Железнодорожный район, Хабаровск, городской округ Хабаровск, Хабаровский край, Дальневосточный федеральный округ, 680013, Россия"
5401304044,OK,НОВОСИБИРСК БОРИСА БОГАТКОВА 210/1,"210/1, улица Бориса Богаткова, Золотая Нива, Октябрьский район, городской округ Новосибирск, Новосибирская область, Сибирский федеральный округ, 630000, Россия"
7204103416,OK,Тюмень МОСКОВСКИЙ ТРАКТ 134,"134, Московский тракт, Тюменская Слобода, Калининский административный округ, Тюмень, городской округ Тюмень, Тюменская область, Уральский федеральный округ, 625000, Россия"
7203475919,OK,ТЮМЕНЬ МАЛЫГИНА 84,"84, улица Малыгина, КПД, Ленинский административный округ, Тюмень, городской округ Тюмень, Тюменская область, Уральский федеральный округ, 625000, Россия"
5024204330,OK,ГРОЗНЫЙ У.А.САДАЕВА 1,"улица У.А. Садаева, 4-й, Старая Сунжа, Ахматовский район, Грозный, городской округ Грозный, Чечня, Северо-Кавказский федеральный округ, 364060, Россия"
1639057355,OK,НАБЕРЕЖНЫЕ ЧЕЛНЫ АЛЬМЕТЬЕВСКИЙ 32,"32, Альметьевский тракт, Сидоровка, Комсомольский район, Набережные Челны, городской округ Набережные Челны, Татарстан, Приволжский федеральный округ, 423820, Россия"
5260363213,OK,НИЖНИЙ НОВГОРОД КАЗАНСКОЕ 2,"Ozon, 2 к1, Казанское шоссе, Верхние Печёры, Нижегородский район, Нижний Новгород, городской округ Нижний Новгород, Нижегородская область, Приволжский федеральный округ, 603163, Россия"
7733333719,OK,МОСКВА 1-Й ЩИПКОВСКИЙ 1,"1, 1-й Щипковский переулок, район Замоскворечье, Москва, Центральный федеральный округ, 115093, Россия"
6147040074,OK,КАМЕНСК-ШАХТИНСКИЙ 4-Я ЛИНИЯ 2,"4-я Линия, Ромашка, городской округ Каменск-Шахтинский, Ростовская область, Южный федеральный округ, 347831, Россия"
2301093108,OK,АНАПА ПИОНЕРСКИЙ 38,"Аквапарк, 38, Пионерский проспект, Нижнее Джемете, Анапа, муниципальный округ Анапа, Краснодарский край, Южный федеральный округ, 353456, Россия"
1657220036,OK,КАЗАНЬ АКАДЕМИКА ЛАВРЕНТЬЕВА 11,"Ozon Box, 11, улица Академика Лаврентьева, 27-й квартал, Савиново, Ново-Савиновский район, Казань, городской округ Казань, Татарстан, Приволжский федеральный округ, 420133, Россия"
3808203046,OK,ИРКУТСК ФРИДРИХА ЭНГЕЛЬСА 17,"17, улица Фридриха Энгельса, Правобережный округ, Правобережный административный округ, Иркутск, городской округ Иркутск, Иркутская область, Сибирский федеральный округ, 664007, Россия"
1106014816,OK,УСИНСК ПАРКОВАЯ 11,"11, Парковая улица, Усинск, муниципальный округ Усинск, Республика Коми, Северо-Западный федеральный округ, 129711, Россия"
7801621186,OK,САНКТ-ПЕТЕРБУРГ РЕКИ СМОЛЕНКИ 5-7,"5-7, набережная реки Смоленки, округ Остров Декабристов, Санкт-Петербург, Северо-Западный федеральный округ, 199178, Россия"
6312040240,OK,САМАРА МИРНАЯ 162,"162, Мирная улица, Кировский район, Самара, городской округ Самара, Самарская область, Приволжский федеральный округ, 443035, Россия"
527002540,OK,МОСКВА ХРОМОВА 20,"20, улица Хромова, Черкизово, район Преображенское, Москва, Центральный федеральный округ, 107392, Россия"
7814558855,OK,САНКТ-ПЕТЕРБУРГ РЕПИЩЕВА 14,"14, Репищева улица, округ Юнтолово, Санкт-Петербург, Северо-Западный федеральный округ, 197375, Россия"
1327022163,OK,МОСКВА ЭЛЕКТРОЗАВОДСКАЯ 24,"24, Электрозаводская улица, Черкизово, район Преображенское, Москва, Центральный федеральный округ, 107023, Россия"
7810434986,OK,САНКТ-ПЕТЕРБУРГ ЗАСТАВСКАЯ 22,"22, Заставская улица, Ближняя Рогатка, округ Московская застава, Санкт-Петербург, Северо-Западный федеральный округ, 196006, Россия"
6322037052,OK,ТОЛЬЯТТИ ПОБЕДЫ 4,"4, улица 40 лет Победы, Автозаводский район, городской округ Тольятти, Самарская область, Приволжский федеральный округ, 445000, Россия"
7202108793,OK,МОСКВА ЛЮСИНОВСКАЯ 12А,"12А, Люсиновская улица, район Замоскворечье, Москва, Центральный федеральный округ, 115093, Россия"
3917022667,OK,КАЛИНИНГРАД ВОДНАЯ 10,"Офис На Водной, 10, Водная улица, Rosenau, Московский район, Калининград, городской округ Калининград, Калининградская область, Северо-Западный федеральный округ, 236004, Россия"
6163105441,OK,МОСКВА ЛЕНИНСКИЙ 111,"111 к1, Ленинский проспект, Обручевский район, Москва, Центральный федеральный округ, 119421, Россия"
9718179093,OK,МОСКВА МОНТАЖНАЯ 9,"3 с9, Монтажная улица, район Гольяново, Москва, Центральный федеральный округ, 107497, Россия"
9710027483,OK,МОСКВА КОМСОМОЛЬСКИЙ 42,"42 с3, Комсомольский проспект, квартал 533, район Хамовники, Москва, Центральный федеральный округ, 119270, Россия"
7715433189,OK,МОСКВА НИЖНИЕ ПОЛЯ 31,"31, улица Нижние Поля, район Марьино, Москва, Центральный федеральный округ, 109382, Россия"
2902060812,OK,СЕВЕРОДВИНСК ЖЕЛЕЗНОДОРОЖНАЯ 37,"МЕГА, 37, Железнодорожная улица, Старый город, Северодвинск, муниципальный округ Северодвинск, Архангельская область, Северо-Западный федеральный округ, 164521, Россия"
5024223037,OK,Красногорск ИЛЬИНСКОЕ 1А,"Бизнес-центр «Красногорск Плаза», 1А, Ильинское шоссе, Павшино, Красногорск, городской округ Красногорск, Московская область, Центральный федеральный округ, 143405, Россия"
7716576574,OK,МЫТИЩИ КОЛОНЦОВА 5,"5, улица Колонцова, микрорайон Шараповка, Мытищи, городской округ Мытищи, Московская область, Центральный федеральный округ, 141009, Россия"
6324081498,OK,ТОЛЬЯТТИ ЮЖНОЕ 103А,"103А, Южное шоссе, Автозаводский район, городской округ Тольятти, Самарская область, Приволжский федеральный округ, 445044, Россия"
2804019703,OK,БЕЛОГОРСК КИРОВА 281,"281, улица Кирова, ООО Мост-Восток Белогорск, Белогорск, городской округ Белогорск, Амурская область, Дальневосточный федеральный округ, 676863, Россия"
8617013981,OK,СУРГУТ КОМПЛЕКТОВОЧНАЯ 7/1,"7/1, Комплектовочная улица, Северный промышленный район, городской округ Сургут, Ханты-Мансийский автономный округ — Югра, Уральский федеральный округ, 628407, Россия"
2009000087,OK,ГУДЕРМЕС ШКОЛЬНАЯ 17,"Школьная улица, Гудермес, Гудермесский район, Чечня, Северо-Кавказский федеральный округ, 366202, Россия"
7728188311,OK,МОСКВА ОБРУЧЕВА 52,"52, улица Обручева, район Коньково, Москва, Центральный федеральный округ, 117246, Россия"
7733043569,OK,МОСКВА МИУССКАЯ 2,"2, Миусская площадь, Тверской район, Москва, Центральный федеральный округ, 125047, Россия"
4823058324,OK,ЛИПЕЦК З.КОСМОДЕМЬЯНСКОЙ 224,
7103048470,OK,ТУЛА ОРУЖЕЙНАЯ 8,"8, Оружейная улица, Советский территориальный округ, Тула, городской округ Тула, Тульская область, Центральный федеральный округ, 300025, Россия"
7715984348,OK,МОСКВА 2-Й РОЩИНСКИЙ 8,
6679092891,OK,ТЮМЕНЬ ГАЗОВИКОВ 38,"38, улица Газовиков, Новая Зарека, Центральный административный округ, Тюмень, городской округ Тюмень, Тюменская область, Уральский федеральный округ, 625022, Россия"
107025791,OK,АДЫГЕЯ ЛЕНИНА 21Б,
1326219505,OK,САРАНСК ВАСЕНКО 38А,"улица Васенко, Ленинский район, Саранск, городской округ Саранск, Мордовия, Приволжский федеральный округ, 430000, Россия"
1435307046,OK,ЯКУТСК КАЛАНДАРИШВИЛИ 43,"43, улица Каландаришвили, Сайсары, Якутск, городской округ Якутск, Республика Саха (Якутия), Дальневосточный федеральный округ, 677008, Россия"
2130083717,OK,ЧЕБОКСАРЫ БАБУШКИНА 2,"2, переулок Бабушкина, Ленинский район, Чебоксары, городской округ Чебоксары, Чувашия, Приволжский федеральный округ, 428020, Россия"
7722824313,OK,МОСКВА ТЕСТОВСКАЯ 10,"Северная башня, 10, Тестовская улица, Камушки, Пресненский район, Москва, Центральный федеральный округ, 123317, Россия"
1650277562,OK,НАБЕРЕЖНЫЕ ЧЕЛНЫ НАБЕРЕЖНОЧЕЛНИНСКИЙ 21,"21, Набережночелнинский проспект, ЗЯБ, Комсомольский район, Набережные Челны, городской округ Набережные Челны, Татарстан, Приволжский федеральный округ, 423822, Россия"
7736259414,OK,МОСКВА ЩЕПКИНА 28,"28, улица Щепкина, Мещанский, Мещанский район, Москва, Центральный федеральный округ, 129090, Россия"
7805777138,OK,САНКТ-ПЕТЕРБУРГ НА ТУРУХТАННЫЕ ОСТРОВА 6,"6, дорога на Турухтанные острова, Автово, округ Автово, Санкт-Петербург, Северо-Западный федеральный округ, 198096, Россия"
2311170457,OK,КРАСНОДАР ИМ. КОСМОНАВТА ГАГАРИНА 124,
2129003280,OK,ЧЕБОКСАРЫ МАРПОСАДСКОЕ 38,"38, Марпосадское шоссе, Восточный посёлок, Калининский район, Чебоксары, городской округ Чебоксары, Чувашия, Приволжский федеральный округ, 428011, Россия"
608040896,OK,НАЗРАНЬ ТАНГИЕВА А-Г.Д. 45,
7713008284,OK,МОСКВА ДМИТРОВСКИЙ 4,"NORD-4, 41, Коровинское шоссе, район Западное Дегунино, Дмитровский район, Москва, Центральный федеральный округ, 125412, Россия"
7424001716,OK,МОСКВА АКАДЕМИКА ТУПОЛЕВА 15,"15, набережная Академика Туполева, Бауманка, Басманный район, Москва, Центральный федеральный округ, 111033, Россия"
9103002856,OK,СИМФЕРОПОЛЬ МРАМОРНАЯ 3,"3, Мраморная улица, Верхняя Украинка, Железнодорожная слобода, Железнодорожный район, Симферополь, Сімферопольський район, Республика Крым, 295014, Україна"
3102037196,OK,БЕЛГОРОДСКАЯ ЛЕНИНА 1А,
9715334294,OK,МОСКВА ГОСТИНИЧНАЯ 9,"9, Гостиничная улица, район Марфино, Москва, Центральный федеральный округ, 127106, Россия"
7022009793,OK,СТРЕЖЕВОЙ ЕРМАКОВА 6,"6, улица Ермакова, 5-й микрорайон, Школьный городок, Стрежевой, городской округ Стрежевой, Томская область, Сибирский федеральный округ, 636780, Россия"
3245500285,OK,БРЯНСК УРАЛЬСКАЯ 109,"109, Уральская улица, Фокинский район, Брянск, городской округ Брянск, Брянская область, Центральный федеральный округ, 241020, Россия"
5040176585,OK,ЖУКОВСКИЙ ГАГАРИНА 64А,"Гагарина, Жуковский, городской округ Жуковский, Московская область, Центральный федеральный округ, 140187, Россия"
5001117650,OK,БАЛАШИХА СОЛНЕЧНАЯ 6А,"6А, Солнечная улица, Новый свет, Балашиха, городской округ Балашиха, Московская область, Центральный федеральный округ, 143909, Россия"
7718842373,OK,МОСКВА НОВАЯ БАСМАННАЯ 9,"Дом Хлебниковой, 9, Новая Басманная улица, Красносельский район, Москва, Центральный федеральный округ, 107053, Россия"
2312200175,OK,Краснодар КОМСОМОЛЬСКАЯ 15,"15, Комсомольская улица, Западный округ, Краснодар, городской округ Краснодар, Краснодарский край, Южный федеральный округ, 350063, Россия"
5015015295,"Ошибка: can only concatenate str (not ""NoneType"") to str",,"ننگرهار ولايت, افغانستان"
2312266987,OK,УЛАН-УДЭ СВЕРДЛОВА 12Г,"12Г, улица Свердлова, Набережная, Советский район, Улан-Удэ, городской округ Улан-Удэ, Республика Бурятия, Дальневосточный федеральный округ, 670037, Россия"
4028060536,OK,КАЛУГА БИЛИБИНА 6,"6, улица Билибина, Московский округ, Подзавалье, Калуга, городской округ Калуга, Калужская область, Центральный федеральный округ, 248910, Россия"
7721506798,OK,МОСКВА ВОРОТНИКОВСКИЙ 8,"8 к1, Воротниковский переулок, 49, Тверской район, Москва, Центральный федеральный округ, 127006, Россия"
7840065221,OK,САНКТ-ПЕТЕРБУРГ МИХАИЛА ДУДИНА 10,"10, улица Михаила Дудина, Торфяное, Парголово, Санкт-Петербург, Северо-Западный федеральный округ, 194292, Россия"
9103075830,OK,ЯЛТА МОСКОВСКАЯ 33А,"33А, Московская улица, Ялта, город Ялта, Ялтинський район, Автономна Республіка Крим, 26800, Україна"
2224183393,OK,БАРНАУЛ СЕВЕРО-ЗАПАДНАЯ 2В,"2В, Северо-Западная улица, Восточный, Октябрьский район, Барнаул, городской округ Барнаул, Алтайский край, Сибирский федеральный округ, 656000, Россия"
7743142960,OK,МОСКВА ГОДОВИКОВА 9,"9 с1, улица Годовикова, Останкинский район, Москва, Центральный федеральный округ, 129085, Россия"
7810444039,OK,САНКТ-ПЕТЕРБУРГ СМОЛЕНСКАЯ 33,"33, Первомайская улица, Ольгино, округ Лахта-Ольгино, Санкт-Петербург, Северо-Западный федеральный округ, 197229, Россия"
7816401296,OK,САНКТ-ПЕТЕРБУРГ ДНЕПРОПЕТРОВСКАЯ 14,"14, Днепропетровская улица, Московская Ямская слобода, Волково, округ Волковское, Санкт-Петербург, Северо-Западный федеральный округ, 192007, Россия"
274176422,OK,УФА ВОИНОВ-ИНТЕРНАЦИОНАЛИСТОВ 7,"7, улица Воинов-Интернационалистов, микрорайон Республика, Глумилино, Октябрьский район, Уфа, городской округ Уфа, Башкортостан, Приволжский федеральный округ, 450104, Россия"
7719408521,OK,МОСКВА ТРОФИМОВА 2А,"2А, улица Трофимова, Даниловский район, Москва, Центральный федеральный округ, 115432, Россия"
5027006369,OK,ДЗЕРЖИНСКИЙ УГРЕШСКАЯ 30,"30, Угрешская улица, Дзержинский, городской округ Люберцы, Московская область, Центральный федеральный округ, 140093, Россия"
5027135950,OK,МОСКВА ПОРЕЧНАЯ 31,"31 к1, Поречная улица, район Марьино, Москва, Центральный федеральный округ, 109469, Россия"
7448146076,OK,ЧЕЛЯБИНСК ПОБЕДЫ 288,"БЦ «Эталон», 288, проспект Победы, Курчатовский район, Челябинск, Челябинский городской округ, Челябинская область, Уральский федеральный округ, 454112, Россия"
2311251522,OK,КРАСНОДАР РОСТОВСКОЕ ШОССЕ 14Б,"14Б, Ростовское шоссе, Прикубанский округ, Краснодар, городской округ Краснодар, Краснодарский край, Южный федеральный округ, 350000, Россия"
9718001751,OK,КАЛУГА ЛЕНИНА 105,"105, улица Ленина, Ленинский округ, Ромоданово, Калуга, городской округ Калуга, Калужская область, Центральный федеральный округ, 248016, Россия"
3906205764,OK,КАЛИНИНГРАД МОСКОВСКИЙ 186,"186, Московский проспект, Ленинградский район, Калининград, городской округ Калининград, Калининградская область, Северо-Западный федеральный округ, 239001, Россия"
7206030523,OK,ТОБОЛЬСК КОНДИНСКАЯ 10/2,"Кондинская улица, 3-й микрорайон, Тобольск, городской округ Тобольск, Тюменская область, Уральский федеральный округ, 626150, Россия"
5044095337,OK,СОЛНЕЧНОГОРСК КРАСНАЯ 23,"23, Красная улица, Солнечногорск, городской округ Солнечногорск, Московская область, Центральный федеральный округ, 141506, Россия"
5002106241,OK,ГРОЗНЫЙ ИМЕНИ АХМАТА АБДУЛХАМИДОВИЧА КАДЫРОВА 213,
3123378447,OK,БЕЛГОРОД ГОРЬКОГО 54Б,"54Б, улица Горького, Харьковская гора, Западный округ, Белгород, городской округ Белгород, Белгородская область, Центральный федеральный округ, 308027, Россия"
7713468958,OK,МОСКВА 12-Й МАРЬИНОЙ РОЩИ 9,
1655096560,OK,КАЗАНЬ ГАБДУЛЛЫ ТУКАЯ 57,"57, улица Габдуллы Тукая, Старо-Татарская слобода, Вахитовский район, Казань, городской округ Казань, Татарстан, Приволжский федеральный округ, 420021, Россия"
7702681515,OK,МОСКВА КРУЗЕНШТЕРНА 12,"12 к3, улица Крузенштерна, Жилой комплекс «Символ», Квартал Смелость, район Лефортово, Москва, Центральный федеральный округ, 111250, Россия"
7707836392,OK,МОСКВА ТОВАРИЩЕСКИЙ 13,"13, Товарищеский переулок, Таганский район, Москва, Центральный федеральный округ, 109004, Россия"
7839462986,OK,САНКТ-ПЕТЕРБУРГ МОСКОВСКОЕ 231,"231, Московское шоссе, Шушары, Санкт-Петербург, Северо-Западный федеральный округ, 196627, Россия"
3123465837,OK,БЕЛГОРОД МОКРОУСОВА 23А,"Белдорстрой, 23А, улица Мокроусова, Харьковская гора, Западный округ, Белгород, городской округ Белгород, Белгородская область, Центральный федеральный округ, 308034, Россия"
7705937797,OK,МОСКВА ЛЕТНИКОВСКАЯ 10,"10 к4, Летниковская улица, район Замоскворечье, Москва, Центральный федеральный округ, 115114, Россия"
7725370499,OK,МОСКВА АНДРОПОВА 10,"YE’S Технопарк, 10, проспект Андропова, Даниловский район, Москва, Центральный федеральный округ, 115280, Россия"
6679091834,OK,ЕКАТЕРИНБУРГ ГРИБОЕДОВА 32К20,"улица Грибоедова, Химмаш, Чкаловский район, Екатеринбург, городской округ Екатеринбург, Свердловская область, Уральский федеральный округ, 620010, Россия"
5904243246,OK,МОСКВА 1-Й НОВОКУЗНЕЦКИЙ 10А,
7734399977,OK,МОСКВА ЭНТУЗИАСТОВ 34,"32 с34, шоссе Энтузиастов, район Перово, Москва, Центральный федеральный округ, 101024, Россия"
5074068588,OK,Подольск БОЛЬШАЯ СЕРПУХОВСКАЯ 43,"43/18, Большая Серпуховская улица, Подольск, городской округ Подольск, Московская область, Центральный федеральный округ, 142100, Россия"
5906059080,OK,ПЕРМЬ ИНДУСТРИАЛИЗАЦИИ 3,"улица Индустриализации, Рабочий посёлок, Мотовилихинский район, Пермь, Пермский городской округ, Пермский край, Приволжский федеральный округ, 614107, Россия"
6501181648,OK,ЮЖНО-САХАЛИНСК КОММУНИСТИЧЕСКИЙ 31Б/1,"Пак Дегам, 31Б/1, Коммунистический проспект, Адмирал, IV микрорайон, Южно-Сахалинск, городской округ Южно-Сахалинск, Сахалинская область, Дальневосточный федеральный округ, 693010, Россия"
7728551648,OK,МОСКВА НОВАТОРОВ 7А,"Бизнеc-центр ""Навигатор"", 7А к2, улица Новаторов, Обручевский район, Москва, Центральный федеральный округ, 117421, Россия"
5506004658,OK,ОМСК 1-Я ИНДУСТРИАЛЬНАЯ 7,"7, 1-я Индустриальная улица, пос. Чкалова, Кордный, Октябрьский административный округ, городской округ Омск, Омская область, Сибирский федеральный округ, 644018, Россия"
5027210212,OK,МОСКОВСКАЯ ШОССЕЙНАЯ 14А,"14А, Шоссейная улица, Звягино, Пушкино, Пушкинский городской округ, Московская область, Центральный федеральный округ, 141200, Россия"
7714429084,OK,МОСКВА ЛЕНИНГРАДСКИЙ 35,"45Г к35, Ленинградский проспект (дублёр), Хорошёвский район, Москва, Центральный федеральный округ, 125319, Россия"
7204100711,OK,ТЮМЕНЬ ЛУНАЧАРСКОГО 20,"20, улица Луначарского, Затюменка, Калининский административный округ, Тюмень, городской округ Тюмень, Тюменская область, Уральский федеральный округ, 625001, Россия"
6658542476,OK,ЕКАТЕРИНБУРГ ТАТИЩЕВА 49,"49, улица Татищева, Крыловъ, ВИЗ, Верх-Исетский район, Екатеринбург, городской округ Екатеринбург, Свердловская область, Уральский федеральный округ, 620109, Россия"
3525115173,OK,ВОЛОГДА ОКРУЖНОЕ 1,"7Б с1, Окружное шоссе, 4-й микрорайон, Вологда, городской округ Вологда, Вологодская область, Северо-Западный федеральный округ, 160000, Россия"
7723704474,OK,МОСКВА СТРОГИНСКИЙ 4,"17 с4, Строгинский бульвар, район Строгино, Москва, Центральный федеральный округ, 123592, Россия"
7814462670,OK,САНКТ-ПЕТЕРБУРГ ПРОФЕССОРА ПОПОВА 23,"23, улица Профессора Попова, округ Аптекарский остров, Санкт-Петербург, Северо-Западный федеральный округ, 197376, Россия"
7839411639,OK,САНКТ-ПЕТЕРБУРГ ДЫБЕНКО 16,"Правобережный рынок, 16, улица Дыбенко, Невский округ, Санкт-Петербург, Северо-Западный федеральный округ, 193168, Россия"
9701187346,OK,МОСКВА НЕЖИНСКАЯ 5,"5 к2, Нежинская улица, Жилой комплекс «Нежинский Ковчег», район Очаково-Матвеевское, Москва, Центральный федеральный округ, 119501, Россия"
3123377549,OK,БЕЛГОРОД ВОЛЧАНСКАЯ 163Д,"Волчанская улица, Восточный округ, Белгород, городской округ Белгород, Белгородская область, Центральный федеральный округ, 308006, Россия"
5003110787,OK,ДОМОДЕДОВО ЛОГИСТИЧЕСКАЯ 1,"1/14, Логистическая улица, Производственно-логистический комплекс «Северное Домодедово», Домодедово, городской округ Домодедово, Московская область, Центральный федеральный округ, 142029, Россия"
5032234040,OK,МОСКОВСКАЯ АКУЛОВСКАЯ 2А,"Бизнес-центр «Маяк», 2А, Акуловская улица, Одинцово, Одинцовский городской округ, Московская область, Центральный федеральный округ, 143000, Россия"
7716850996,OK,ЗЕЛЕНОГРАД СОСНОВАЯ 4,"4 с1, Сосновая аллея, Восточная зона, район Савёлки, Зеленоград, Москва, Центральный федеральный округ, 124489, Россия"
7451399013,OK,ЧЕЛЯБИНСК ВОРОШИЛОВА 35,"Зенит, 35, улица Ворошилова, микрорайон №6, Курчатовский район, Челябинск, Челябинский городской округ, Челябинская область, Уральский федеральный округ, 454014, Россия"
6673132724,"Ошибка: can only concatenate str (not ""NoneType"") to str",,"ننگرهار ولايت, افغانستان"
8602201809,OK,МОСКВА ВЕРХНЯЯ КРАСНОСЕЛЬСКАЯ 13,"13 с1, Верхняя Красносельская улица, Красносельский район, Москва, Центральный федеральный округ, 107140, Россия"
1646047943,OK,КАЗАНЬ МОСКОВСКАЯ 13А,"13А, Московская улица, Старо-Татарская слобода, Вахитовский район, Казань, городской округ Казань, Татарстан, Приволжский федеральный округ, 420014, Россия"
7804537221,OK,САНКТ-ПЕТЕРБУРГ ПРИДОРОЖНАЯ 8,"8, Придорожная аллея, Шувалово-Озерки, округ Сергиевское, Санкт-Петербург, Северо-Западный федеральный округ, 194292, Россия"
6167073060,OK,РОСТОВ-НА-ДОНУ ЧЕХОВА 71/187,"71/187, проспект Чехова, Богатяновка, Кировский район, Ростов-на-Дону, городской округ Ростов-на-Дону, Ростовская область, Южный федеральный округ, 344006, Россия"
2801016951,OK,БЛАГОВЕЩЕНСК СВ.ИННОКЕНТИЯ 1,
7704592660,OK,МОСКВА 2-Я НОВООСТАНКИНСКАЯ 12,"12, 2-я Новоостанкинская улица, Останкинский район, Москва, Центральный федеральный округ, 129075, Россия"
7203328537,OK,ТЮМЕНЬ МАКСИМА ГОРЬКОГО 76,"76, улица Максима Горького, Дом Печати, Центральный административный округ, Тюмень, городской округ Тюмень, Тюменская область, Уральский федеральный округ, 625048, Россия"
5029232998,OK,МОСКВА 1-Я ЭНТУЗИАСТОВ 15,"15 с1, 1-я улица Энтузиастов, район Перово, Москва, Центральный федеральный округ, 111024, Россия"
2465248015,OK,КРАСНОЯРСК СЕВЕРНОЕ 17К,"17К, Северное шоссе, Центральный район, Красноярск, городской округ Красноярск, Красноярский край, Сибирский федеральный округ, 660000, Россия"
7805437646,OK,САНКТ-ПЕТЕРБУРГ 18-Я В.О. 29,"28-29-я линии В.О., Гавань, округ Гавань, Санкт-Петербург, Северо-Западный федеральный округ, 199106, Россия"
9703109706,OK,МОСКВА ПРЕСНЕНСКАЯ 12,"Комплекс «Федерация», 12, Пресненская набережная, Пресненский район, Москва, Центральный федеральный округ, 123112, Россия"
7701866545,OK,МОСКВА БОЛЬШАЯ ПОЧТОВАЯ 26В,
1834050040,OK,ИЖЕВСК НОВОСМИРНОВСКАЯ 10,"10, Новосмирновская улица, Устиновский район, Ижевск, Удмуртия, Приволжский федеральный округ, 426039, Россия"
7727221277,OK,МОСКВА НАМЁТКИНА 12А,"Бизнес-центр ""Газойл Плаза"", 12А, улица Намёткина, район Черёмушки, Москва, Центральный федеральный округ, 117420, Россия"
5047154277,OK,ХИМКИ БАБАКИНА 5А,"5А, улица Бабакина, Новобутаково, Новые Химки, Химки, городской округ Химки, Московская область, Центральный федеральный округ, 141407, Россия"
6658078487,OK,ЕКАТЕРИНБУРГ ТАТИЩЕВА 98,"98, улица Татищева, Регата, Правобережный, ВИЗ, Верх-Исетский район, Екатеринбург, городской округ Екатеринбург, Свердловская область, Уральский федеральный округ, 620028, Россия"
2466257083,OK,КРАСНОЯРСК МИРА 94,"Brando, 94, проспект Мира, Центральный район, Красноярск, городской округ Красноярск, Красноярский край, Сибирский федеральный округ, 660000, Россия"
7714909436,OK,МОСКВА НИКОЛО-ХОВАНСКАЯ 28,"28, Николо-Хованская улица, Жилой комплекс «Испанские кварталы», район Коммунарка, Москва, Центральный федеральный округ, 142770, Россия"
6658399875,OK,ЕКАТЕРИНБУРГ НАЧДИВА ОНУФРИЕВА 10,"10, улица Начдива Онуфриева, Юго-Западный, Ленинский район, Екатеринбург, городской округ Екатеринбург, Свердловская область, Уральский федеральный округ, 620149, Россия"
6234132853,OK,РЯЗАНЬ ШОССЕЙНЫЙ 3,"5 с3, Шоссейный переулок, Железнодорожный район, городской округ Рязань, Рязанская область, Центральный федеральный округ, 390013, Россия"
9103071553,OK,ЯЛТА ЩОРСА 47,"улица Щорса, Ялта, город Ялта, Ялтинський район, Автономна Республіка Крим, 98635, Україна"
7716780474,OK,МОСКВА ШИПИЛОВСКИЙ 47,"ООО «Антарес», 47, Шипиловский проезд, район Орехово-Борисово Северное, Москва, Центральный федеральный округ, 115551, Россия"
2543121643,OK,ВЛАДИВОСТОК АННЫ ЩЕТИНИНОЙ 39,"39, улица Анны Щетининой, Снеговая падь, Первореченский район, Владивосток, Владивостокский городской округ, Приморский край, Дальневосточный федеральный округ, 690000, Россия"
9103095360,OK,ЯЛТА ХАЛТУРИНА 49Б,"Дарсан, 49Б, улица Халтурина, Ялта, город Ялта, Ялтинський район, Автономна Республіка Крим, 298609, Україна"
2612018167,OK,СТАВРОПОЛЬСКИЙ ПАРКОВАЯ 1,"1, Парковая улица, Выселки микрорайон Берёзовка, Жилой массив «Берёзовка», Выселки, сельское поселение Выселки, Ставропольский район, Самарская область, Приволжский федеральный округ, 445148, Россия"
7802031020,OK,САНКТ-ПЕТЕРБУРГ КАНТЕМИРОВСКАЯ 37,"Мебель-Сити 2, 37, Кантемировская улица, Выборгская сторона, округ Сампсониевское, Санкт-Петербург, Северо-Западный федеральный округ, 194100, Россия"
7328076959,OK,УЛЬЯНОВСК МОСКОВСКОЕ 92,"92, Московское шоссе, Засвияжский район, Ульяновск, городской округ Ульяновск, Ульяновская область, Приволжский федеральный округ, 432008, Россия"
1660339627,OK,КАЗАНЬ АДЕЛЯ КУТУЯ 86,"86, улица Аделя Кутуя, Советский район, Казань, городской округ Казань, Татарстан, Приволжский федеральный округ, 420087, Россия"
7842127970,OK,САНКТ-ПЕТЕРБУРГ ПРОФЕССОРА ПОПОВА 23,"23, улица Профессора Попова, округ Аптекарский остров, Санкт-Петербург, Северо-Западный федеральный округ, 197376, Россия"
7724745755,OK,МОСКВА АЛТУФЬЕВСКОЕ 48К1,"48 к1, Алтуфьевское шоссе (дублёр), Алтуфьевский район, Москва, Центральный федеральный округ, 127410, Россия"
5751005940,OK,ОРЁЛ МИРА 7Г,
6686018232,OK,БЕРЕЗОВСКИЙ КРАСНЫХ ГЕРОЕВ 20,"20, улица Красных Героев, Берёзовский, Берёзовский муниципальный округ, Свердловская область, Уральский федеральный округ, 623700, Россия"
3525430601,OK,ГРОЗНЫЙ А.ШЕРИПОВА 55,
7713161050,OK,МОСКВА ДМИТРОВСКОЕ 107Б,"107Б, Дмитровское шоссе, Дмитровский, Дмитровский район, Москва, Центральный федеральный округ, 127247, Россия"
6673227920,OK,ЕКАТЕРИНБУРГ БЛЮХЕРА 16Б,"16Б, улица Блюхера, ЖК ""Discovery Residence"", Пионерский, Кировский район, Екатеринбург, городской округ Екатеринбург, Свердловская область, Уральский федеральный округ, 620137, Россия"
2312149874,OK,КРАСНОДАР КРАСНОАРМЕЙСКАЯ 40,"40, Красноармейская улица, Коммунстрой, Гагаринский, Центральный внутригородской район, Сочи, городской округ Сочи, Краснодарский край, Южный федеральный округ, 354065, Россия"
7714957479,OK,ЖУКОВСКИЙ МИЧУРИНА 9,"9, улица Мичурина, Ильинка, Жуковский, городской округ Жуковский, Московская область, Центральный федеральный округ, 140182, Россия"
7718289913,OK,МОСКВА 1-Я ЭНТУЗИАСТОВ 3,"3, 1-я улица Энтузиастов, район Перово, Москва, Центральный федеральный округ, 111024, Россия"
3525319233,OK,ВОЛОГДА ПАНКРАТОВА 40,"40, улица Панкратова, 2-й микрорайон, Вологда, городской округ Вологда, Вологодская область, Северо-Западный федеральный округ, 160000, Россия"
7713479491,OK,МОСКВА ДМИТРОВСКОЕ 107,"107 к1, Дмитровское шоссе, Дмитровский, Дмитровский район, Москва, Центральный федеральный округ, 127247, Россия"
6671077940,OK,ЕКАТЕРИНБУРГ АКАДЕМИКА БАРДИНА 13,"Монетка, 13, улица Академика Бардина, Юго-Западный, Ленинский район, Екатеринбург, городской округ Екатеринбург, Свердловская область, Уральский федеральный округ, 620149, Россия"
7203330254,OK,ТЮМЕНЬ 50 ЛЕТ ВЛКСМ 51,"51, улица 50 лет ВЛКСМ, КПД, Ленинский административный округ, Тюмень, городской округ Тюмень, Тюменская область, Уральский федеральный округ, 625000, Россия"
6118008728,OK,ВОЛГОДОНСК ВЕЛИКОЙ ПОБЕДЫ 13,"Горпроект, 13, бульвар Великой Победы, А, Новый город, Волгодонск, Ростовская область, Южный федеральный округ, 347360, Россия"
5257145631,OK,НИЖНИЙ НОВГОРОД ЯБЛОНЕВАЯ 28,"28, Яблоневая улица, Нижегородский район, Нижний Новгород, городской округ Нижний Новгород, Нижегородская область, Приволжский федеральный округ, 603093, Россия"
4029051904,OK,КАЛУГА ВОСКРЕСЕНСКИЙ 15,"15, Воскресенский переулок, Ленинский округ, Ромоданово, Калуга, городской округ Калуга, Калужская область, Центральный федеральный округ, 248033, Россия"
5001122378,OK,КРАСНОГОРСК ДАЧНАЯ 11А,"Торгово-развлекательный центр ""Парк Авеню"", 11А, Дачная улица, Губайлово, Красногорск, городской округ Красногорск, Московская область, Центральный федеральный округ, 143404, Россия"
2308114879,OK,КРАСНОДАР ИМ. 40-ЛЕТИЯ ПОБЕДЫ 37,
7130031154,OK,КОХМА ОКТЯБРЬСКАЯ 49А,"49А, Октябрьская улица, Звезда, Кохма, городской округ Кохма, Ивановская область, Центральный федеральный округ, 153510, Россия"
274925865,OK,УФА ДАЯНА МУРЗИНА 9/1,"9/1, улица Даяна Мурзина, Жилой комплекс «Цветы Башкирии», Цветы Башкирии, Кировский район, Уфа, городской округ Уфа, Башкортостан, Приволжский федеральный округ, 450018, Россия"
1656094318,OK,Казань РОТОРНАЯ 27Б,"27Б, Роторная улица, Воскресенское, Приволжский район, Казань, городской округ Казань, Татарстан, Приволжский федеральный округ, 420059, Россия"
7717007644,OK,МОСКВА ЦАНДЕРА 6,"6, улица Цандера, Останкинский район, Москва, Центральный федеральный округ, 127238, Россия"
7702019661,OK,МОСКВА ОРЛОВО-ДАВЫДОВСКИЙ 2/5,"2/5 к3, Орлово-Давыдовский переулок, Мещанский, Мещанский район, Москва, Центральный федеральный округ, 129110, Россия"
7733263469,OK,МОСКВА КРАСНОХОЛМСКАЯ 1/15,"Краснохолмская набережная, Таганский район, Москва, Центральный федеральный округ, 115172, Россия"
3662149086,OK,ВОРОНЕЖ ШИШКОВА 75Б,"75Б, улица Шишкова, Северный, Коминтерновский район, Воронеж, городской округ Воронеж, Воронежская область, Центральный федеральный округ, 394068, Россия"
7702536109,OK,МОСКВА НИЖНЯЯ СЫРОМЯТНИЧЕСКАЯ 10,"Teak House, 10, Нижняя Сыромятническая улица, Бауманка, Басманный район, Москва, Центральный федеральный округ, 105120, Россия"
2310223730,OK,КРАСНОДАР КУБАНСКАЯ НАБЕРЕЖНАЯ 37,"Набережная улица, Кубанская Степь, Кубанскостепное сельское поселение, Каневской район, Краснодарский край, Южный федеральный округ, 353714, Россия"
2222022619,OK,БАРНАУЛ КАЛИНИНА 116/2,"проспект Калинина, Октябрьский район, Барнаул, городской округ Барнаул, Алтайский край, Сибирский федеральный округ, 656000, Россия"
7604259048,OK,ЯРОСЛАВЛЬ МОСКОВСКИЙ 31,"31, Московский проспект, Коровники, Фрунзенский район, городской округ Ярославль, Ярославская область, Центральный федеральный округ, 150000, Россия"
4823056743,OK,ЛИПЕЦК ДОВАТОРА 10А,"10А, улица Доватора, Октябрьский округ, Липецк, городской округ Липецк, Липецкая область, Центральный федеральный округ, 398000, Россия"
3906314996,OK,КАЛИНИНГРАДСКАЯ ИНДУСТРИАЛЬНАЯ 6,"6, Индустриальная улица, Калининград, Гурьевский муниципальный округ, Калининградская область, Северо-Западный федеральный округ, 236038, Россия"
7802593414,OK,САНКТ-ПЕТЕРБУРГ ЧАЙКОВСКОГО 65-67,"65-67, улица Чайковского, Пески, округ Смольнинское, Санкт-Петербург, Северо-Западный федеральный округ, 191123, Россия"
3444259931,OK,ВОЛГОГРАД СОВЕТСКАЯ 28,"Советская, Мартыновский, Деминское сельское поселение, Новоаннинский район, Волгоградская область, Южный федеральный округ, Россия"
1633009588,OK,КАЗАНЬ ТЕАТРАЛЬНАЯ 5,"5, Театральная улица, Старо-Татарская слобода, Вахитовский район, Казань, городской округ Казань, Татарстан, Приволжский федеральный округ, 420111, Россия"
7722487555,OK,МОСКВА АВИАМОТОРНАЯ 12,"55 к12, Авиамоторная улица, район Лефортово, Москва, Центральный федеральный округ, 101024, Россия"
7536158377,OK,ЧИТА БУТИНА 72,"72, улица Бутина, Центральный район, Чита, городской округ Чита, Забайкальский край, Дальневосточный федеральный округ, 672010, Россия"
7714299854,OK,МОСКВА МНЁВНИКИ 3,"24 к3, район Хорошёво-Мнёвники, Москва, Центральный федеральный округ, Россия"
7451064200,OK,ЧЕЛЯБИНСК ПОБЕДЫ 160,"160, проспект Победы, микрорайон №4, Калининский район, Челябинск, Челябинский городской округ, Челябинская область, Уральский федеральный округ, 454084, Россия"
3442098118,OK,ВОЛГОГРАД БОГУНСКАЯ 12А,"12А, Богунская улица, Краснооктябрьский район, Волгоград, городской округ Волгоград, Волгоградская область, Южный федеральный округ, 400007, Россия"
5040155680,OK,РАМЕНСКОЕ ВЫСОКОВОЛЬТНАЯ 21,"21, Высоковольтная улица, Красный Октябрь, Раменское, Раменский муниципальный округ, Московская область, Центральный федеральный округ, 140104, Россия"
9102021944,OK,СИМФЕРОПОЛЬ ЛАВАНДОВЫЙ 2А,"Лавандовый переулок, ТСН «Аэрофлот», Урожайное, Симферопольский район, Автономна Республіка Крим, 95049, Україна"
1655284186,OK,КАЗАНЬ АДЕЛЯ КУТУЯ 157,"157, улица Аделя Кутуя, Клыковка, Советский район, Казань, городской округ Казань, Татарстан, Приволжский федеральный округ, 420087, Россия"
7813213382,OK,САНКТ-ПЕТЕРБУРГ ПРОФЕССОРА ПОПОВА 23,"23, улица Профессора Попова, округ Аптекарский остров, Санкт-Петербург, Северо-Западный федеральный округ, 197376, Россия"
7751179308,OK,ТРОИЦК ПОЛКОВНИКА МИЛИЦИИ КУРОЧКИНА 19,"19, улица Полковника Милиции Курочкина, микрорайон В, Троицк, район Троицк, Москва, Центральный федеральный округ, 142191, Россия"
276092746,OK,УФА ПЕРВОМАЙСКАЯ 32/1,"32/1, Первомайская улица, Черниковка, Калининский район, Уфа, городской округ Уфа, Башкортостан, Приволжский федеральный округ, 450000, Россия"
7225005025,OK,Тюмень ВОРОНИНСКИЕ ГОРКИ 101Б,"101Б, проезд Воронинские Горки, Княжево, Калининский административный округ, Тюмень, городской округ Тюмень, Тюменская область, Уральский федеральный округ, 625001, Россия"
7733801886,OK,МОСКВА СВОБОДЫ 31,"Бизнес-центр ""Принт"", 31 с1, улица Свободы, район Южное Тушино, Москва, Центральный федеральный округ, 123364, Россия"
6671139146,OK,ЕКАТЕРИНБУРГ ГОГОЛЯ 18,"ЖК ""Кандинский Хаус"", 18, улица Гоголя, Артек, Ленинский район, Екатеринбург, городской округ Екатеринбург, Свердловская область, Уральский федеральный округ, 620219, Россия"
5904350618,OK,ПЕРМЬ КУЙБЫШЕВА 50,"50, улица Куйбышева, Громова, Свердловский район, Пермь, Пермский городской округ, Пермский край, Приволжский федеральный округ, 614016, Россия"
7710909869,OK,МОСКВА ТРЁХПРУДНЫЙ 11/13,"11/13, Малый Козихинский переулок, 48, Пресненский район, Москва, Центральный федеральный округ, 123001, Россия"
7722412888,OK,МОСКВА 1-Й КРАСНОКУРСАНТСКИЙ 5/7,"5/7, 1-й Краснокурсантский проезд, район Лефортово, Москва, Центральный федеральный округ, 111250, Россия"
6670381377,OK,ЕКАТЕРИНБУРГ МОСКОВСКАЯ 1,"Следственный изолятор №1, улица Малышева, Московская горка, ВИЗ, Верх-Исетский район, Екатеринбург, городской округ Екатеринбург, Свердловская область, Уральский федеральный округ, 620019, Россия"
9201003784,OK,СИМФЕРОПОЛЬ СУВОРОВСКИЙ 5,"5, Суворовский спуск, Центр, Железнодорожный район, Симферополь, Сімферопольський район, Автономна Республіка Крим, 295024, Україна"
9705037905,OK,МОСКВА ГЕРОЕВ ПАНФИЛОВЦЕВ 16,"16 к1, улица Героев Панфиловцев, район Северное Тушино, Москва, Центральный федеральный округ, 125480, Россия"
7203094857,OK,ТЮМЕНЬ ПОЛЕВАЯ 115 Б,"Инко, 115Б, Полевая улица, Дом Обороны, Калининский административный округ, Тюмень, городской округ Тюмень, Тюменская область, Уральский федеральный округ, 625001, Россия"
7716834257,OK,ГРОЗНЫЙ ИМ Г.Н.ТРОШЕВА 83А,
5261026323,OK,НИЖНИЙ НОВГОРОД ЗАОВРАЖНАЯ 6,"6, Заовражная улица, Щербинки-1, Приокский район, Нижний Новгород, городской округ Нижний Новгород, Нижегородская область, Приволжский федеральный округ, 603107, Россия"
6670476678,OK,ЕКАТЕРИНБУРГ ШЕВЧЕНКО 9,"9, улица Шевченко, Де Геннин, Екатерининский Парк, Вокзальный, Железнодорожный район, Екатеринбург, городской округ Екатеринбург, Свердловская область, Уральский федеральный округ, 620083, Россия"
7802707358,OK,САНКТ-ПЕТЕРБУРГ ЛИСТВЕННАЯ 20,"20, Лиственная улица, округ Светлановское, Санкт-Петербург, Северо-Западный федеральный округ, 194214, Россия"
3627008639,OK,РОССОШЬ ПРОМЫШЛЕННАЯ 17,"17, Промышленная улица, Химзавод, Россошь, городское поселение Россошь, Россошанский район, Воронежская область, Центральный федеральный округ, 396653, Россия"
7714468005,OK,МОСКВА МОСФИЛЬМОВСКАЯ 17Б,"17Б, Мосфильмовская улица, район Раменки, Москва, Центральный федеральный округ, 119330, Россия"
4004021545,OK,КОНДРОВО КОМСОМОЛЬСКАЯ 11А,"11А, Комсомольская улица, Кондрово, Дзержинский муниципальный округ, Калужская область, Центральный федеральный округ, 249833, Россия"
1657124526,OK,КАЗАНЬ ПАРИЖСКОЙ КОММУНЫ 8,"8, улица Парижской Коммуны, Старо-Татарская слобода, Вахитовский район, Казань, городской округ Казань, Татарстан, Приволжский федеральный округ, 420021, Россия"
2308196582,OK,КРАСНОДАР ИМ. СЕЛЕЗНЕВА 2\5,
8905039369,"Ошибка: can only concatenate str (not ""NoneType"") to str",,"ننگرهار ولايت, افغانستان"
2801106556,OK,БЛАГОВЕЩЕНСК УГЛОВОЙ 14,"14, Угловой переулок, Благовещенск, городской округ Благовещенск, Амурская область, Дальневосточный федеральный округ, 675006, Россия"
7723596596,OK,МОСКВА ЭНТУЗИАСТОВ 34,"32 с34, шоссе Энтузиастов, район Перово, Москва, Центральный федеральный округ, 101024, Россия"
5047241949,OK,МОСКВА ФЕСТИВАЛЬНАЯ 9,"9, Фестивальная улица, район Левобережный, Москва, Центральный федеральный округ, 125565, Россия"
7720803653,OK,ФЕОДОСИЯ ГОРЬКОГО 19,"улица Горького, Феодосия, Феодосійський район, Автономна Республіка Крим, 298108, Україна"
7726471919,OK,МОСКВА СТАРОБИТЦЕВСКАЯ 21,"21 к1, Старобитцевская улица, район Северное Бутово, Москва, Центральный федеральный округ, 117628, Россия"
6629003208,OK,НОВОУРАЛЬСК СЕРОВА 4,"4, улица Серова, Новоуральск, Новоуральский городской округ, Свердловская область, Уральский федеральный округ, 624135, Россия"
6452934991,OK,САРАТОВ ИМ БИРЮЗОВА С.С. 22,
7204200191,OK,ТЮМЕНЬ ЛУНАЧАРСКОГО 20,"20, улица Луначарского, Затюменка, Калининский административный округ, Тюмень, городской округ Тюмень, Тюменская область, Уральский федеральный округ, 625001, Россия"
7024045236,OK,СЕВЕРСК АВТОДОРОГА 4/3,"Автодорога № 12, Северск, ЗАТО Северск, Томская область, Сибирский федеральный округ, 636070, Россия"
7736540833,OK,ОМСК КРАСНОФЛОТСКАЯ 24,"24, Краснофлотская улица, Куйбышевский, Центральный административный округ, городской округ Омск, Омская область, Сибирский федеральный округ, 644000, Россия"
7453316894,OK,ЧЕЛЯБИНСК КИРОВА 159,"Челябинск-СИТИ, 159, улица Кирова, Центральный район, Челябинск, Челябинский городской округ, Челябинская область, Уральский федеральный округ, 454091, Россия"
5503081397,OK,САНКТ-ПЕТЕРБУРГ ЖУКОВСКОГО 63,"63, улица Жуковского, Пески, округ Смольнинское, Санкт-Петербург, Северо-Западный федеральный округ, 191036, Россия"
7725127342,OK,МОСКВА ЛЕНИНСКИЙ 42,"42, Ленинский проспект (дублёр), Гагаринский район, Москва, Центральный федеральный округ, 119119, Россия"
6950180271,OK,ТВЕРЬ ВЕРЫ БОНЧ-БРУЕВИЧ 16,"16, улица Веры Бонч-Бруевич, Центральный район, городской округ Тверь, Тверская область, Центральный федеральный округ, 170006, Россия"
7705989107,OK,МОСКВА АКАДЕМИКА КОРОЛЕВА 13,"13, улица Академика Королёва, Останкино, Останкинский район, Москва, Центральный федеральный округ, 129515, Россия"
7716922376,OK,САНКТ-ПЕТЕРБУРГ ТЕЛЕЖНАЯ 37,"37 литД, Тележная улица, округ Лиговка-Ямская, Санкт-Петербург, Северо-Западный федеральный округ, 191167, Россия"
7723568486,OK,МОСКВА ЛЕНИНСКИЙ 111,"111 к1, Ленинский проспект, Обручевский район, Москва, Центральный федеральный округ, 119421, Россия"
1215078778,OK,ЙОШКАР-ОЛА ЛЬВА ТОЛСТОГО 62,"улица Льва Толстого, Прибрежный, Йошкар-Ола, городской округ Йошкар-Ола, Марий Эл, Приволжский федеральный округ, 424000, Россия"
7723788971,OK,МОСКВА ЛЕНИНГРАДСКИЙ 45,"45 к3, Ленинградский проспект (дублёр), Хорошёвский район, Москва, Центральный федеральный округ, 125319, Россия"
5402065381,OK,НОВОСИБИРСК СВЕТЛАНОВСКАЯ 50/2,"50/2, Светлановская улица, Аэропорт, Заельцовский район, Новосибирск, Новосибирская область, Сибирский федеральный округ, 630047, Россия"
7811421411,OK,САНКТ-ПЕТЕРБУРГ ПРОФЕССОРА ПОПОВА 23,"23, улица Профессора Попова, округ Аптекарский остров, Санкт-Петербург, Северо-Западный федеральный округ, 197376, Россия"
7724362336,OK,МОСКВА ЛЕНИНГРАДСКИЙ 31,"Клякса, 31, Ленинградский проспект (дублёр), район Беговой, Москва, Центральный федеральный округ, 125040, Россия"
7722732736,OK,МОСКВА 1-Й МАГИСТРАЛЬНЫЙ 11СТР1,"1-й Магистральный тупик, Хорошёвский район, Москва, Центральный федеральный округ, 123290, Россия"
7203455253,OK,ТЮМЕНЬ ПЕРМЯКОВА 57,"57/1, улица Пермякова, V микрорайон, Восточный административный округ, Тюмень, городской округ Тюмень, Тюменская область, Уральский федеральный округ, 625000, Россия"
1660191628,OK,КАЗАНЬ РОДИНЫ 20Б,"20Б, улица Родины, Азино-2, Советский район, Казань, городской округ Казань, Татарстан, Приволжский федеральный округ, 420087, Россия"
3525168721,OK,МОСКВА ЗЕМЛЯНОЙ ВАЛ 64,"64 с2, улица Земляной Вал, Таганский район, Москва, Центральный федеральный округ, 109004, Россия"
7806368219,OK,САНКТ-ПЕТЕРБУРГ СМОЛЬНЫЙ 11,"11, Смольный проспект, Пески, округ Смольнинское, Санкт-Петербург, Северо-Западный федеральный округ, 191124, Россия"
6501067536,OK,ЮЖНО-САХАЛИНСК ЛЕНИНА 384Б/1,"Рыбоводстрой, 384Б/1, улица Ленина, XI микрорайон, Южно-Сахалинск, городской округ Южно-Сахалинск, Сахалинская область, Дальневосточный федеральный округ, 693004, Россия"
3907000135,OK,КАЛИНИНГРАД В.ДЕНИСОВА 24,
6449044283,OK,ЭНГЕЛЬС ЛЬВА КАССИЛЯ 14,"14, улица Льва Кассиля, Энгельс, городское поселение Энгельс, Энгельсский район, Саратовская область, Приволжский федеральный округ, 413100, Россия"
7204034836,OK,ТЮМЕНСКАЯ БУРЛАКИ 23Б,"23Б, улица Бурлаки, Московский, Тюменский муниципальный округ, Тюменская область, Уральский федеральный округ, 625501, Россия"
2115000346,OK,ЦИВИЛЬСК ПАВЛА ИВАНОВА 8,
7728344514,OK,МОСКВА НАХИМОВСКИЙ 32,"32, Нахимовский проспект, Академический район, Москва, Центральный федеральный округ, 117218, Россия"
7725815596,OK,МОСКВА РЕЧНИКОВ 19,"Бизнес-центр ""Речники"", 19, улица Речников, Коломенка, район Нагатинский Затон, Москва, Центральный федеральный округ, 115407, Россия"
3663033415,OK,ВОРОНЕЖСКАЯ ЛЕНИНА 275,"Ленина, Юрасовка, Караяшниковское сельское поселение, Ольховатский район, Воронежская область, Центральный федеральный округ, Россия"
3666106573,OK,ВОРОНЕЖ ВОЛГОГРАДСКАЯ 46А,"46А, Волгоградская улица, Мостозавод, Левобережный район, Воронеж, городской округ Воронеж, Воронежская область, Центральный федеральный округ, 394028, Россия"
7706800259,OK,МОСКВА ШЛЮЗОВАЯ 8,"8 с1, Шлюзовая набережная, район Замоскворечье, Москва, Центральный федеральный округ, 115114, Россия"
2721254245,OK,ХАБАРОВСК ГАЙДАРА 14,"14, улица Гайдара, Центр, Центральный район, Хабаровск, городской округ Хабаровск, Хабаровский край, Дальневосточный федеральный округ, 680000, Россия"
1657112351,OK,МОСКВА ГРАЙВОРОНОВСКАЯ 4,"25 с4, Грайвороновская улица, район Текстильщики, Москва, Центральный федеральный округ, 109518, Россия"
2320205280,OK,СОЧИ ТОННЕЛЬНАЯ 2Б,"2Б, Тоннельная улица, Мемориал, Завокзальный, Центральный внутригородской район, Сочи, городской округ Сочи, Краснодарский край, Южный федеральный округ, 354057, Россия"
2128007123,OK,ЧЕБОКСАРЫ ЯРОСЛАВСКАЯ 76,"76, Ярославская улица, ЖК «Оболенский», Благовещенский, Ленинский район, Чебоксары, городской округ Чебоксары, Чувашия, Приволжский федеральный округ, 428000, Россия"
5050117620,OK,ФРЯЗИНО ВОКЗАЛЬНАЯ 6А,"Транспортная инспекция, 6А, Вокзальная улица, Фрязино, городской округ Фрязино, Московская область, Центральный федеральный округ, 141190, Россия"
1660329918,OK,КАЗАНЬ МОСКОВСКАЯ 13А,"13А, Московская улица, Старо-Татарская слобода, Вахитовский район, Казань, городской округ Казань, Татарстан, Приволжский федеральный округ, 420014, Россия"
5013048425,OK,ЖУКОВСКИЙ ПРАВОЛИНЕЙНАЯ 33,"Праволинейная улица, Ильинка, Жуковский, городской округ Жуковский, Московская область, Центральный федеральный округ, 140180, Россия"
9725042124,OK,МОСКВА ФЕРГАНСКАЯ 6,"6 с7, Ферганская улица, Выхино, район Выхино-Жулебино, Москва, Центральный федеральный округ, 109444, Россия"
2129005369,OK,ЧЕБОКСАРЫ МИЧМАНА ПАВЛОВА 39,"39, улица Мичмана Павлова, ЖК «Алиса», Университет, Московский район, Чебоксары, городской округ Чебоксары, Чувашия, Приволжский федеральный округ, 428034, Россия"
5905952421,OK,ПЕРМЬ 3-Я ТЕПЛОПРОВОДНАЯ 3А,
1657102836,OK,МОСКВА ШВЕРНИКА 18,"18 к2, улица Шверника, Академический район, Москва, Центральный федеральный округ, 117449, Россия"
9701069818,OK,МОСКВА НИЖНЯЯ КРАСНОСЕЛЬСКАЯ 35,"35 с50, Нижняя Красносельская улица, Бауманка, Басманный район, Москва, Центральный федеральный округ, 105066, Россия"
9723078140,OK,МОСКВА ШАРИКОПОДШИПНИКОВСКАЯ 38,"38 с1, Шарикоподшипниковская улица, Кожухово, Южнопортовый район, Москва, Центральный федеральный округ, 115088, Россия"
2460230180,OK,КРАСНОЯРСК ТЕХНОЛОГИЧЕСКАЯ 2,"8/2, Технологическая улица, Советский район, Красноярск, городской округ Красноярск, Красноярский край, Сибирский федеральный округ, 660000, Россия"
7712103721,OK,МОСКВА ХРОМОВА 20,"20, улица Хромова, Черкизово, район Преображенское, Москва, Центральный федеральный округ, 107392, Россия"
7813561260,OK,САНКТ-ПЕТЕРБУРГ ПРОФЕССОРА ПОПОВА 23,"23, улица Профессора Попова, округ Аптекарский остров, Санкт-Петербург, Северо-Западный федеральный округ, 197376, Россия"
7728838739,OK,САНКТ-ПЕТЕРБУРГ ДОМОСТРОИТЕЛЬНАЯ 16,"Рукки Рус, 16, Домостроительная улица, Парнас, округ Сергиевское, Санкт-Петербург, Северо-Западный федеральный округ, 194292, Россия"
7725294304,OK,МОСКВА МАЛАЯ КАЛУЖСКАЯ 27,"27, Малая Калужская улица, Донской район, Москва, Центральный федеральный округ, 115191, Россия"
545018736,OK,КАСПИЙСК М.ХАЛИЛОВА 32,"32, улица М. Халилова, Каспийск, городской округ Каспийск, Дагестан, Северо-Кавказский федеральный округ, 368300, Россия"
5614014188,OK,ОРСК СТРОИТЕЛЕЙ 35А,"35А, улица Строителей, Строителей, Ленинский район, Орск, городской округ Орск, Оренбургская область, Приволжский федеральный округ, 462402, Россия"
7840092218,OK,МОСКВА ХЕРСОНСКАЯ 5,"Школа № 538 имени С.В. Гришина. Корпус дошкольного образования, 5, Херсонская улица, район Зюзино, Москва, Центральный федеральный округ, 117461, Россия"
2315993797,OK,НОВОРОССИЙСК СПОРТИВНАЯ 2В,"2В, Спортивная улица, микрорайон 8-я Щель, Цемдолина, Приморский район, Новороссийск, городской округ Новороссийск, Краснодарский край, Южный федеральный округ, 353960, Россия"
1655476201,OK,КАЗАНЬ МАЗИТА ГАФУРИ 50,"Мелита, 50, улица Мазита Гафури, Ново-Татарская слобода, Вахитовский район, Казань, городской округ Казань, Татарстан, Приволжский федеральный округ, 420108, Россия"
4703142302,OK,САНКТ-ПЕТЕРБУРГ ПЛЕСЕЦКАЯ 2,"2 с1, Плесецкая улица, округ Юнтолово, Санкт-Петербург, Северо-Западный федеральный округ, 197373, Россия"
6671069996,OK,ЕКАТЕРИНБУРГ СТЕПАНА РАЗИНА 107А,"107А к2, улица Степана Разина, Das Haus, Юг-Центр, Автовокзал, Чкаловский район, Екатеринбург, городской округ Екатеринбург, Свердловская область, Уральский федеральный округ, 620130, Россия"
2320101700,OK,СОЧИ КУРОРТНЫЙ 31,"31, Курортный проспект, Гостиница Сочи, Театральная, Центральный внутригородской район, Сочи, городской округ Сочи, Краснодарский край, Южный федеральный округ, 354009, Россия"
1001155425,OK,ПЕТРОЗАВОДСК ПЕРВОМАЙСКИЙ 9,"9, Первомайский проспект, Первомайский, Петрозаводск, Петрозаводский городской округ, Карелия, Северо-Западный федеральный округ, 185000, Россия"
275922105,OK,УФА ГАФУРИ 77,"77, улица Гафури, Нижегородка, Ленинский район, Уфа, городской округ Уфа, Башкортостан, Приволжский федеральный округ, 450076, Россия"
276156728,OK,УФА БАЯЗИТА БИКБАЯ 44А,"улица Баязита Бикбая, Сипайлово, Октябрьский район, Уфа, городской округ Уфа, Башкортостан, Приволжский федеральный округ, 450000, Россия"
3460059841,OK,ТАМБОВ М.ГОРЬКОГО 16,"16, улица М.Горького, Рассказово, Тамбовская область, Центральный федеральный округ, 393253, Россия"
6164108822,OK,КРАСНОГОРСК 20 5,"Красногорск, городской округ Красногорск, Московская область, Центральный федеральный округ, 143405, Россия"
1609036742,OK,ТАТАРСТАН МТС 1А,"МТС, Актаныш, Актанышское сельское поселение, Актанышский район, Татарстан, Приволжский федеральный округ, Россия"
6442011063,OK,САРАНСК АЛЕКСАНДРОВСКОЕ 7,"7, Александровское шоссе, ТЭЦ-2, Октябрьский район, Саранск, городской округ Саранск, Мордовия, Приволжский федеральный округ, 430006, Россия"
5003059160,OK,МОСКВА БАЧУРИНСКАЯ 7,"7 к1, Бачуринская улица, Новая Звезда, Коммунарка, Москва, Центральный федеральный округ, 108814, Россия"
6671268279,OK,ЕКАТЕРИНБУРГ МОСКОВСКАЯ 249,"249, Московская улица, Апельсин, Юго-Западный, Ленинский район, Екатеринбург, городской округ Екатеринбург, Свердловская область, Уральский федеральный округ, 620144, Россия"
4703156697,OK,ЛЕНИНГРАДСКАЯ НОВАЯ 14А,"Новая, Шпаньково, Гатчинский муниципальный округ, Ленинградская область, Северо-Западный федеральный округ, 188341, Россия"
7455013408,OK,МАГНИТОГОРСК ЛЮБИМАЯ 20,"20, Любимая улица, посёлок Приуральский, Орджоникидзевский район, Магнитогорск, Магнитогорский городской округ, Челябинская область, Уральский федеральный округ, 455000, Россия"
2304016990,"Ошибка: can only concatenate str (not ""NoneType"") to str",,"ننگرهار ولايت, افغانستان"
7830001934,OK,САНКТ-ПЕТЕРБУРГ УМАНСКИЙ 71,"Трест 101, 71, Уманский переулок, Пороховые, округ Ржевка, Санкт-Петербург, Северо-Западный федеральный округ, 195253, Россия"
9103000552,OK,ЯЛТА САДОВАЯ 31,"31, Садовая улица, Ялта, город Ялта, Ялтинський район, Автономна Республіка Крим, 26800, Україна"
7451385973,OK,ЧЕЛЯБИНСК МАРКСА 38,"Бизнес центр «Аркаим Плаза», 38, улица Карла Маркса, Центральный район, Челябинск, Челябинский городской округ, Челябинская область, Уральский федеральный округ, 454090, Россия"
7207011121,OK,КУРГАН БУРОВА-ПЕТРОВА 112,"112, улица Бурова-Петрова, Курган, городской округ Курган, Курганская область, Уральский федеральный округ, 640027, Россия"
4826076233,OK,ЛИПЕЦК БАЛМОЧНЫХ С.Ф. 38,"38, улица Балмочных, Правобережный округ, Липецк, городской округ Липецк, Липецкая область, Центральный федеральный округ, 398000, Россия"
6685029320,OK,ЕКАТЕРИНБУРГ БОРИСА ЕЛЬЦИНА 3/2,"с3/2, улица Бориса Ельцина, Екатеринбург-Сити, Заречный, Верх-Исетский район, Екатеринбург, городской округ Екатеринбург, Свердловская область, Уральский федеральный округ, 620000, Россия"
7716825630,OK,МОСКВА ЛЮБЛИНСКАЯ 141,"141, Люблинская улица, район Люблино, Москва, Центральный федеральный округ, 109382, Россия"
2626047418,OK,ЕССЕНТУКИ НИКОЛЬСКАЯ 15А,"15А, Никольская улица, микрорайон Северный-3, Ессентуки, городской округ Ессентуки, Ставропольский край, Северо-Кавказский федеральный округ, 357635, Россия"
7838030937,OK,САНКТ-ПЕТЕРБУРГ КОМИССАРА СМИРНОВА 11,"Мак Карго, 11Д, улица Комиссара Смирнова, Выборгская сторона, округ Сампсониевское, Санкт-Петербург, Северо-Западный федеральный округ, 194044, Россия"
5610162795,OK,МОСКВА БОЛЬШАЯ ЧЕРЁМУШКИНСКАЯ 2,"10 к2, Большая Черёмушкинская улица, Академический район, Москва, Центральный федеральный округ, 117447, Россия"
1414006922,OK,МОСКВА МАЛАЯ ПОЛЯНКА 12А,"12А, улица Малая Полянка, район Якиманка, Москва, Центральный федеральный округ, 119180, Россия"
7810741105,OK,САНКТ-ПЕТЕРБУРГ КУЗНЕЦОВСКАЯ 21,"21, Кузнецовская улица, округ Пулковский меридиан, Санкт-Петербург, Северо-Западный федеральный округ, 196128, Россия"
6623099687,OK,НИЖНИЙ ТАГИЛ КУЛИБИНА 62,"62, улица Кулибина, Новая Кушва, Тагилстроевский район, Нижний Тагил, муниципальный округ Нижний Тагил, Свердловская область, Уральский федеральный округ, 622013, Россия"
1657243900,OK,КАЗАНЬ ГЛАДИЛОВА 54,"54, улица Гладилова, Ягодная слобода, Кировский район, Казань, городской округ Казань, Татарстан, Приволжский федеральный округ, 420032, Россия"
5027232992,OK,ЛЮБЕРЦЫ ЛЕСОПИТОМНИК 7,"улица Лесопитомник, Малаховка, городской округ Люберцы, Московская область, Центральный федеральный округ, 140030, Россия"
7604178889,OK,МОСКВА ГИЛЯРОВСКОГО 57,"57 с1, улица Гиляровского, Мещанский, Мещанский район, Москва, Центральный федеральный округ, 129110, Россия"
4025068752,OK,ОБНИНСК АКСЕНОВА 9Б,"9Б, улица Аксёнова, Белкино, Обнинск, городской округ Обнинск, Калужская область, Центральный федеральный округ, 249039, Россия"
277039262,OK,УФА ЗЕЛЕНАЯ РОЩА 9/1,"Зелёная Роща, Кировский район, Уфа, городской округ Уфа, Башкортостан, Приволжский федеральный округ, 450000, Россия"
8913007307,"Ошибка: can only concatenate str (not ""NoneType"") to str",,"ننگرهار ولايت, افغانستان"
3923003260,OK,МОСКОВСКАЯ МАРШАЛА НЕДЕЛИНА 6Б,"6Б, улица Маршала Неделина, Одинцово, Одинцовский городской округ, Московская область, Центральный федеральный округ, 143000, Россия"
7453326003,OK,ЧЕЛЯБИНСК КИРОВА 159,"Челябинск-СИТИ, 159, улица Кирова, Центральный район, Челябинск, Челябинский городской округ, Челябинская область, Уральский федеральный округ, 454091, Россия"
7733732294,OK,МОСКВА ЭЛЕКТРОЛИТНЫЙ 1,"1А, Электролитный проезд, Нагорный район, Москва, Центральный федеральный округ, 115230, Россия"
7840011219,OK,САНКТ-ПЕТЕРБУРГ ФУРШТАТСКАЯ 32,"32, Фурштатская улица, Литейный округ, Санкт-Петербург, Северо-Западный федеральный округ, 191028, Россия"
7729780129,OK,МОСКВА МИРА 36,"Мира, Можайский муниципальный округ, Московская область, Центральный федеральный округ, Россия"
5038142162,OK,МОСКОВСКАЯ ГЕРЦЕНА 30,"30, улица Герцена, Жилой комплекс «Морозовский квартал», Карболит, Орехово-Зуево, Орехово-Зуевский городской округ, Московская область, Центральный федеральный округ, 142603, Россия"
9701193371,OK,МОСКВА СТАРОБИТЦЕВСКАЯ 21,"21 к1, Старобитцевская улица, район Северное Бутово, Москва, Центральный федеральный округ, 117628, Россия"
3426013251,OK,ВОЛГОГРАД АЗЕРБАЙДЖАНСКАЯ 272А,"272А, Азербайджанская улица, пос. Максимовский Разъезд, Ворошиловский район, Волгоград, городской округ Волгоград, Волгоградская область, Южный федеральный округ, 400119, Россия"
7723434605,OK,МОСКВА ЛЮБЛИНСКАЯ 64,"Люблинская улица (дублёр), район Марьино, Москва, Центральный федеральный округ, 109369, Россия"
572009113,OK,МАХАЧКАЛА АЗИЗОВА 5,"5, улица Азизова, квартал Восход, Ленинский район, Махачкала, городской округ Махачкала, Дагестан, Северо-Кавказский федеральный округ, 367000, Россия"
9723045458,OK,МОСКВА 2-Й КАПОТНИНСКИЙ 1,"Торговый комплекс ""Монтавр"", 12 с2, 1-й Капотнинский проезд, район Капотня, Москва, Центральный федеральный округ, 109429, Россия"
5406825428,OK,НОВОСИБИРСК ВОЕННАЯ 4,"4, Военная улица, Депутатский, Центральный район, Новосибирск, Новосибирская область, Сибирский федеральный округ, 360099, Россия"
546017950,OK,КИЗИЛЮРТ ПЕРВОМАЙСКАЯ 124,"улица Газимагомеда, Кизилюрт, городской округ Кизилюрт, Дагестан, Северо-Кавказский федеральный округ, 368122, Россия"
9102213727,OK,СИМФЕРОПОЛЬ ЛЕНИНА 12,"12, бульвар Ленина, Железнодорожная слобода, Железнодорожный район, Симферополь, Сімферопольський район, Автономна Республіка Крим, 295006, Україна"
7731477962,OK,МОСКВА ЛОМОНОСОВСКИЙ 38,"38, Ломоносовский проспект, район Раменки, Москва, Центральный федеральный округ, 119192, Россия"
1658153135,OK,ТАТАРСТАН ТУКАЯ 87А,"87А, улица Тукая, Богатые Сабы, городское поселение Богатые Сабы, Сабинский район, Татарстан, Приволжский федеральный округ, 422060, Россия"
1435166758,OK,ГРОЗНЫЙ САНКТ-ПЕТЕРБУРГСКАЯ 27,"27 к1, Санкт-Петербургская улица, Ахматовский район, Грозный, городской округ Грозный, Чечня, Северо-Кавказский федеральный округ, 364907, Россия"
2317057426,OK,СОЧИ ГАСТЕЛЛО 28,"28, улица Гастелло, Голубые Дали, Адлер, Адлерский внутригородской район, Сочи, городской округ Сочи, Краснодарский край, Южный федеральный округ, 354340, Россия"
7825405201,OK,САНКТ-ПЕТЕРБУРГ ХРУСТАЛЬНАЯ 21,"21, Хрустальная улица, Стеклянный городок, Смоленское, округ Невская застава, Санкт-Петербург, Северо-Западный федеральный округ, 193019, Россия"
7702834017,OK,МОСКВА ГИЛЯРОВСКОГО 57,"57 с1, улица Гиляровского, Мещанский, Мещанский район, Москва, Центральный федеральный округ, 129110, Россия"
5310013513,OK,ВЕЛИКИЙ НОВГОРОД БЕРЕГОВАЯ 15,"15, Береговая улица, Деревяницы-2, городской округ Великий Новгород, Новгородский район, Новгородская область, Северо-Западный федеральный округ, 173011, Россия"
571008251,OK,МАХАЧКАЛА ХИВСКАЯ 6,"6А, улица Хивская, Общество Пальмира, Ленинский район, Махачкала, городской округ Махачкала, Дагестан, Северо-Кавказский федеральный округ, 367000, Россия"
5835089167,OK,МОСКВА ЛЕТНИКОВСКАЯ 10,"10 к4, Летниковская улица, район Замоскворечье, Москва, Центральный федеральный округ, 115114, Россия"
6658070216,OK,ЕКАТЕРИНБУРГ ЛЕНИНА 5,"5, улица Ленина, Покровское, Каменский муниципальный округ, Свердловская область, Уральский федеральный округ, Россия"
7710626490,OK,МОСКОВСКАЯ МОЖАЙСКОЕ 143А,"143А, Можайское шоссе, Кубинка, Одинцовский городской округ, Московская область, Центральный федеральный округ, 143070, Россия"
711021079,OK,НАЛЬЧИК ЖЕЛЕЗНОДОРОЖНЫЙ 10,"Железнодорожный проезд, Александровка, Нальчик, городской округ Нальчик, Кабардино-Балкария, Северо-Кавказский федеральный округ, 360005, Россия"
7704040517,OK,МОСКВА ПЕТРОВКА 15/13,"15/13 с5, улица Петровка, 62, Тверской район, Москва, Центральный федеральный округ, 127051, Россия"
2524004983,OK,НАХОДКА БАЗОВАЯ 32,
1639056866,OK,ТАТАРСТАН МАГИСТРАЛЬНАЯ 1,"Оптовик, 1, Магистральная улица, Сидоровка, Комсомольский район, Набережные Челны, Нижнесуыксинское сельское поселение, Тукаевский район, Татарстан, Приволжский федеральный округ, 423820, Россия"
7728836114,OK,МОСКВА НАМЁТКИНА 12А,"Бизнес-центр ""Газойл Плаза"", 12А, улица Намёткина, район Черёмушки, Москва, Центральный федеральный округ, 117420, Россия"
7727813770,OK,МОСКВА СТАРОБИТЦЕВСКАЯ 15,"15 к2, Старобитцевская улица, Жилой комплекс «Синяя Птица», район Северное Бутово, Москва, Центральный федеральный округ, 117628, Россия"
7721732282,OK,МОСКВА ЭНТУЗИАСТОВ 34,"32 с34, шоссе Энтузиастов, район Перово, Москва, Центральный федеральный округ, 101024, Россия"
7733881088,OK,МОСКВА КУСКОВСКАЯ 20А,"Кусково, 20А, Кусковская улица, район Новогиреево, Москва, Центральный федеральный округ, 111401, Россия"
7714974555,OK,МОСКВА ЛЕНИНГРАДСКИЙ 68,"68, Ленинградский проспект, район Аэропорт, Москва, Центральный федеральный округ, 125057, Россия"
6165167732,OK,РОСТОВ-НА-ДОНУ ОЧАКОВСКАЯ 30/30,"30/30, Очаковская улица, Богатяновка, Кировский район, Ростов-на-Дону, городской округ Ростов-на-Дону, Ростовская область, Южный федеральный округ, 344022, Россия"
2126003691,OK,ЧЕБОКСАРЫ ПЕТРОВА 6,"6, улица Петрова, Благовещенский, Ленинский район, Чебоксары, городской округ Чебоксары, Чувашия, Приволжский федеральный округ, 428020, Россия"
1840068380,OK,Ижевск МОЛОДЕЖНАЯ 46,"46, Молодёжная улица, Старый Аэропорт, Устиновский район, городской округ Ижевск, Удмуртия, Приволжский федеральный округ, 426075, Россия"
6950210102,OK,ТВЕРЬ 15 ЛЕТ ОКТЯБРЯ 10,"10, улица 15 лет Октября, Чайка, Московский район, городской округ Тверь, Тверская область, Центральный федеральный округ, 170008, Россия"
7726445683,OK,МОСКВА ГЕНЕРАЛА ЕРМОЛОВА 10/6,"10/6, улица Генерала Ермолова, район Дорогомилово, Москва, Центральный федеральный округ, 121170, Россия"
7718064349,OK,МОСКВА 2-Я ПУГАЧЕВСКАЯ 4,
5256199810,OK,ХИМКИ РЕПИНА 2/27,"2/27, улица Репина, Новые Химки, Химки, городской округ Химки, Московская область, Центральный федеральный округ, 141410, Россия"
534031679,OK,ХАСАВЮРТ ЭКСКАВАТОРНАЯ 2,"2, Экскаваторная улица, Бамматбекюрт, Хасавюрт, городской округ Хасавюрт, Дагестан, Северо-Кавказский федеральный округ, 368001, Россия"
2460089964,OK,КРАСНОЯРСК ЛАДО КЕЦХОВЕЛИ 20,"20, улица Ладо Кецховели, Железнодорожный район, Красноярск, городской округ Красноярск, Красноярский край, Сибирский федеральный округ, 660001, Россия"
3706011835,OK,ИВАНОВСКАЯ ЗЕЛЕНАЯ 79Ф,"79Ф, Зелёная улица, Остапово, Остаповское сельское поселение, Шуйский район, Ивановская область, Центральный федеральный округ, 155008, Россия"
1327018992,OK,САРАНСК АЛЕКСАНДРОВСКОЕ 8А,"Хозяин, 8А, Александровское шоссе, ТЭЦ-2, Октябрьский район, Саранск, городской округ Саранск, Мордовия, Приволжский федеральный округ, 430006, Россия"
7723882491,OK,МОСКВА ОСЕННЯЯ 23,"23, Осенняя, Конюшково, Жуковка, район Троицк, Москва, Центральный федеральный округ, 108842, Россия"
6950126034,OK,ТВЕРЬ ЛЕВИТАНА 48,"48 к2, улица Левитана, Южный, Московский район, городской округ Тверь, Тверская область, Центральный федеральный округ, 170030, Россия"
4205085115,OK,КЕМЕРОВО ШАХТЕРСКАЯ 1,"21 к1, Шахтёрская улица, Рудничный район, Кемерово, Кемеровский городской округ, Кемеровская область, Сибирский федеральный округ, 650044, Россия"
4345468069,OK,КИРОВ КАЗАНСКАЯ 77Б,"77Б, Казанская улица, Дымково, Первомайский район, Киров, городской округ Киров, Кировская область, Приволжский федеральный округ, 610000, Россия"
5405375060,OK,НОВОСИБИРСК ЖЕЛЕЗНОДОРОЖНАЯ 15/2,"15/2, Железнодорожная улица, Челюскинский, Железнодорожный район, городской округ Новосибирск, Новосибирская область, Сибирский федеральный округ, 630132, Россия"
5044125655,OK,МОСКВА ТРУБНАЯ 2,"Неглинная Галерея, 2, Трубная площадь, Мещанский, Мещанский район, Москва, Центральный федеральный округ, 127051, Россия"
7708262060,OK,МОСКВА 6-Я НОВЫЕ САДЫ 2,
7723906368,OK,ДОМОДЕДОВО КАШИРСКОЕ ШОССЕ 17А,"17А, Каширское шоссе, микрорайон Северный, Домодедово, городской округ Домодедово, Московская область, Центральный федеральный округ, 142000, Россия"
7816319041,OK,МОСКВА КАШИРСКИЙ 7,"7, Каширский проезд, район Нагатино-Садовники, Москва, Центральный федеральный округ, 115201, Россия"
9704143450,OK,МОСКВА 1-Й ТРУЖЕНИКОВ 14,"14, 1-й переулок Тружеников, Плющиха, 540, район Хамовники, Москва, Центральный федеральный округ, 119121, Россия"
7813570948,OK,САНКТ-ПЕТЕРБУРГ ПИОНЕРСКАЯ 30,"30, Пионерская улица, Солнечное, Санкт-Петербург, Северо-Западный федеральный округ, 197739, Россия"
2465122735,OK,Красноярск МАЕРЧАКА 10,"БЦ Баланс, 10, улица Маерчака, Железнодорожный район, Красноярск, городской округ Красноярск, Красноярский край, Сибирский федеральный округ, 660000, Россия"
7733661420,OK,МОСКВА АЛЕКСАНДРЫ МОНАХОВОЙ 30,"30 с1, улица Александры Монаховой, Коммунарка, Москва, Центральный федеральный округ, 142770, Россия"
7727270490,OK,МОСКОВСКАЯ СВОБОДЫ 10,"10, улица Свободы, Поляны, Коломна, городской округ Коломна, Московская область, Центральный федеральный округ, 140414, Россия"
7802651514,OK,САНКТ-ПЕТЕРБУРГ КАНАЛА ГРИБОЕДОВА 6/2,"6/2, набережная канала Грибоедова, Дворцовый округ, Санкт-Петербург, Северо-Западный федеральный округ, 191186, Россия"
2543059498,OK,ВЛАДИВОСТОК СНЕГОВАЯ 98,"98, Снеговая улица, Первореченский район, Владивосток, Владивостокский городской округ, Приморский край, Дальневосточный федеральный округ, 690000, Россия"
9102056626,OK,СИМФЕРОПОЛЬ СЕВАСТОПОЛЬСКАЯ 43Б,"43Б, Севастопольская улица, Рабочий посёлок, Центральный район, Симферополь, Сімферопольський район, Автономна Республіка Крим, 295013, Україна"
2466245602,OK,КРАСНОЯРСК МИРА 94,"Brando, 94, проспект Мира, Центральный район, Красноярск, городской округ Красноярск, Красноярский край, Сибирский федеральный округ, 660000, Россия"
6670115960,OK,ЕКАТЕРИНБУРГ АМУНДСЕНА 105,"105, улица Амундсена, Сосновый Бор, УНЦ, Ленинский район, Екатеринбург, городской округ Екатеринбург, Свердловская область, Уральский федеральный округ, 620016, Россия"
7727631139,OK,МОСКВА ВОРОНЦОВСКИЕ ПРУДЫ 3,"Жилой комплекс ""Воронцово"", 3, улица Воронцовские Пруды, Обручевский район, Москва, Центральный федеральный округ, 117630, Россия"
1655211533,OK,КАЗАНЬ КАРЛА ФУКСА 11/6,"Деловой центр на Фукса, 11/6, улица Карла Фукса, Вахитовский район, Казань, городской округ Казань, Татарстан, Приволжский федеральный округ, 420008, Россия"
7813184156,OK,САНКТ-ПЕТЕРБУРГ ТАШКЕНТСКАЯ 1,"6 к2 с1, Ташкентская улица, Ближняя Рогатка, округ Московская застава, Санкт-Петербург, Северо-Западный федеральный округ, 196006, Россия"
6671388294,OK,ЕКАТЕРИНБУРГ МАЛЫШЕВА 51,"Высоцкий, 51, улица Малышева, Парковый, Октябрьский район, Екатеринбург, городской округ Екатеринбург, Свердловская область, Уральский федеральный округ, 620075, Россия"
3128001437,OK,СТАРЫЙ ОСКОЛ ОЛИМПИЙСКИЙ 62,"62, Олимпийский микрорайон, Старый Оскол, Старооскольский городской округ, Белгородская область, Центральный федеральный округ, 309511, Россия"
5906119082,OK,ПЕРМЬ НОВОЗВЯГИНСКАЯ 57,"ОАО ""Уральский научно-исследовательский институт композиционных материалов"", 57, Новозвягинская улица, Вышка II, Мотовилихинский район, Пермь, Пермский городской округ, Пермский край, Приволжский федеральный округ, 614056, Россия"
7604214008,OK,МОСКВА НЕМАНСКИЙ 1,"8 к1, Неманский проезд, район Строгино, Москва, Центральный федеральный округ, 111116, Россия"
8602194090,OK,НИЖНЕВАРТОВСК ИНДУСТРИАЛЬНАЯ 105,"105, Индустриальная улица, Западный промышленный узел, городской округ Нижневартовск, Ханты-Мансийский автономный округ — Югра, Уральский федеральный округ, 628613, Россия"
7455024456,OK,МАГНИТОГОРСК 50-ЛЕТИЯ МАГНИТКИ 59А,
6685077926,"Ошибка: can only concatenate str (not ""NoneType"") to str",,"ننگرهار ولايت, افغانستان"
5238000045,OK,НИЖЕГОРОДСКАЯ ПУШКИНА 33,"33, улица Пушкина, Ардатов, Ардатовский муниципальный округ, Нижегородская область, Приволжский федеральный округ, 607130, Россия"
7726761368,OK,МОСКВА ЯРОСЛАВСКОЕ 146,"146 к2, Ярославское шоссе, Ярославский район, Москва, городской округ Мытищи, Москва, Центральный федеральный округ, 141014, Россия"
7801329632,OK,САНКТ-ПЕТЕРБУРГ ПРЕДПОРТОВАЯ 6,"6, Предпортовая улица, Предпортовая, округ Новоизмайловское, Санкт-Петербург, Северо-Западный федеральный округ, 196240, Россия"
7708367545,OK,МОСКВА КОМСОМОЛЬСКАЯ 6,"Московский, 6, Комсомольская площадь, Красносельский район, Москва, Центральный федеральный округ, 107140, Россия"
6679080511,OK,ЕКАТЕРИНБУРГ МАШИННАЯ 1Б,"Машинная, Гольфстрим, Парковый, Октябрьский район, Екатеринбург, городской округ Екатеринбург, Свердловская область, Уральский федеральный округ, 620142, Россия"
2540215942,OK,ВЛАДИВОСТОК КРАСНОГО ЗНАМЕНИ 114А,"114А, проспект Красного Знамени, Ленинский район, Владивосток, Владивостокский городской округ, Приморский край, Дальневосточный федеральный округ, 690000, Россия"
7715465840,OK,ГРОЗНЫЙ ДЬЯКОВА 15/20,"улица Дьякова, 4-й, Старая Сунжа, Ахматовский район, Грозный, городской округ Грозный, Чечня, Северо-Кавказский федеральный округ, 364058, Россия"
2315120129,OK,НОВОРОССИЙСК СОВЕТОВ 55,"Пинта, 55, улица Советов, Центральный район, Новороссийск, городской округ Новороссийск, Краснодарский край, Южный федеральный округ, 353900, Россия"
6234165390,OK,РЯЗАНЬ МАЯКОВСКОГО 1А,"Капитал Атрон, 1А, улица Маяковского, Октябрьский район, Рязань, Рязанская область, Центральный федеральный округ, 390046, Россия"
2543051851,OK,ВЛАДИВОСТОК СВЕТЛАНСКАЯ 51А,"51А, Светланская улица, Центр, Ленинский район, Владивосток, Владивостокский городской округ, Приморский край, Дальневосточный федеральный округ, 690000, Россия"
7840100451,OK,САНКТ-ПЕТЕРБУРГ ЛИГОВСКИЙ 43-45,"43-45, Лиговский проспект, Владимирский округ, Санкт-Петербург, Северо-Западный федеральный округ, 191040, Россия"
2538148230,OK,ВЛАДИВОСТОК АКСАКОВСКАЯ 3В,"3В, Аксаковская улица, Центр, Ленинский район, Владивосток, Владивостокский городской округ, Приморский край, Дальневосточный федеральный округ, 690000, Россия"
7724937168,OK,МОСКВА АКАДЕМИКА МИЛЛИОНЩИКОВА 20А,
7810950701,OK,САНКТ-ПЕТЕРБУРГ ПУЛКОВСКОЕ 14,"ЖК «Образцовый квартал-14», Пулковское, Шушары, Санкт-Петербург, Северо-Западный федеральный округ, Россия"
5405023608,OK,НОВОСИБИРСК ФРУНЗЕ 71/1,"71/1, улица Фрунзе, Дзержинский район, городской округ Новосибирск, Новосибирская область, Сибирский федеральный округ, 630000, Россия"
5262316681,OK,НИЖНИЙ НОВГОРОД ГЕНКИНОЙ 25 А,"25А, улица Генкиной, Советский район, Нижний Новгород, городской округ Нижний Новгород, Нижегородская область, Приволжский федеральный округ, 603115, Россия"
6679157757,OK,Екатеринбург СУРИКОВА 53,"53, улица Сурикова, Премьер, Юг-Центр, Автовокзал, Чкаловский район, Екатеринбург, городской округ Екатеринбург, Свердловская область, Уральский федеральный округ, 620144, Россия"
7820338706,OK,САНКТ-ПЕТЕРБУРГ КОККОЛЕВСКАЯ 1,"11 с1, Кокколевская улица, Пулковское, Шушары, Санкт-Петербург, Северо-Западный федеральный округ, 196631, Россия"
2801223500,OK,БЛАГОВЕЩЕНСК СТУДЕНЧЕСКАЯ 21/1,"Студенческая улица, Солнечный, Благовещенск, городской округ Благовещенск, Амурская область, Дальневосточный федеральный округ, 675027, Россия"
2632104953,OK,ПЯТИГОРСК ЕРМОЛОВА 20О,"20О, улица Ермолова, Новопятигорск, Пятигорск, городской округ Пятигорск, Ставропольский край, Северо-Кавказский федеральный округ, 357528, Россия"
1660295320,OK,КАЗАНЬ ДУСЛЫК 8,"8, переулок Дуслык, Малые Клыки, Советский район, Казань, городской округ Казань, Татарстан, Приволжский федеральный округ, 420061, Россия"
2311250208,OK,КРАСНОДАР ИМ. ВОРОВСКОГО 172,"Тихорецкий машиностроительный завод им. В.В. Воровского, Военный городок, Тихорецк, Тихорецкое городское поселение, Тихорецкий район, Краснодарский край, Южный федеральный округ, Россия"
2901285115,"Ошибка: can only concatenate str (not ""NoneType"") to str",,"ننگرهار ولايت, افغانستان"
4004016390,OK,ГРОЗНЫЙ ТОБОЛЬСКАЯ 17,"Тобольская улица, уч. 10, Байсангуровский район, Грозный, городской округ Грозный, Чечня, Северо-Кавказский федеральный округ, 364042, Россия"
6670447758,OK,ЕКАТЕРИНБУРГ МАМИНА-СИБИРЯКА 101,"101, улица Мамина-Сибиряка, Вознесенская горка, Бажовский, Пионерский, Кировский район, Екатеринбург, городской округ Екатеринбург, Свердловская область, Уральский федеральный округ, 620083, Россия"
9723036774,OK,МОСКВА 8-Я ТЕКСТИЛЬЩИКОВ 11,"11, 8-я улица Текстильщиков, район Текстильщики, Москва, Центральный федеральный округ, 109129, Россия"
5029172308,OK,МОСКВА НАУЧНЫЙ 17,"17, Научный проезд, район Черёмушки, Москва, Центральный федеральный округ, 117246, Россия"
9102032689,OK,СИМФЕРОПОЛЬ ПОБЕДЫ 28А,"28А, проспект Победы, Новый город, Киевский район, Симферополь, Сімферопольський район, Автономна Республіка Крим, 295034, Україна"
4501187413,OK,КУРГАН ЗАГОРОДНАЯ 3,"3, Загородная улица, 1 Отделение откормсовхоза, Курган, городской округ Курган, Курганская область, Уральский федеральный округ, 640000, Россия"
9729011159,OK,МОСКВА КАЛАНЧЕВСКАЯ 15А,"Бизнес-центр «Каланчёвский», 15А, Каланчёвская улица, Красносельский район, Москва, Центральный федеральный округ, 107053, Россия"
1603002962,OK,КАЗАНЬ ЩЕРБАКОВСКИЙ 7,"ЖК Clover House, 7, Щербаковский переулок, Старо-Татарская слобода, Вахитовский район, Казань, городской округ Казань, Татарстан, Приволжский федеральный округ, 420012, Россия"
7802699844,OK,САНКТ-ПЕТЕРБУРГ РЕКИ СМОЛЕНКИ 5,"5-7, набережная реки Смоленки, округ Остров Декабристов, Санкт-Петербург, Северо-Западный федеральный округ, 199178, Россия"
7813439894,OK,САНКТ-ПЕТЕРБУРГ ДЫБЕНКО 16,"Правобережный рынок, 16, улица Дыбенко, Невский округ, Санкт-Петербург, Северо-Западный федеральный округ, 193168, Россия"
3801993892,OK,АНГАРСК КАРЛА МАРКСА 74А,"74А, улица Карла Маркса, 100-й квартал, микрорайон Старо-Байкальск, Ангарск, Ангарский городской округ, Иркутская область, Сибирский федеральный округ, 665806, Россия"
7707396423,OK,КИРОВ КАЗАНСКАЯ 24,"ЖК Александровский, 24, Казанская улица, Дымково, Первомайский район, Киров, городской округ Киров, Кировская область, Приволжский федеральный округ, 610000, Россия"
6230092649,OK,РЯЗАНЬ ЕСЕНИНА 65,"65, улица Есенина, Октябрьский район, Рязань, Рязанская область, Центральный федеральный округ, 390046, Россия"
3664095206,OK,ВОРОНЕЖ 9 ЯНВАРЯ 30,"30, улица 9 Января, Чичеры, Ленинский район, Воронеж, городской округ Воронеж, Воронежская область, Центральный федеральный округ, 394018, Россия"
7720189754,OK,ПОДОЛЬСК АКАДЕМИКА ДОЛЛЕЖАЛЯ 24,"24, улица Академика Доллежаля, микрорайон Кузнечики, Подольск, городской округ Подольск, Московская область, Центральный федеральный округ, 142133, Россия"
4501137050,OK,НОВОСИБИРСК КАРЛА МАРКСА 43,"43, проспект Карла Маркса, Башня, Ленинский район, городской округ Новосибирск, Новосибирская область, Сибирский федеральный округ, 630000, Россия"
4501090108,OK,КУРГАН КУЙБЫШЕВА 36,"Домострой, 36, улица Куйбышева, Центральный район, Курган, городской округ Курган, Курганская область, Уральский федеральный округ, 640020, Россия"
5903110050,OK,ПЕРМЬ СИБИРСКАЯ 47А,"Ladies room, 47А, Сибирская улица, Островский, Свердловский район, Пермь, Пермский городской округ, Пермский край, Приволжский федеральный округ, 614051, Россия"
277114858,OK,УФА САМАРКАНДСКАЯ 1/4,"Самаркандская улица, Сипайлово, Октябрьский район, Уфа, городской округ Уфа, Башкортостан, Приволжский федеральный округ, 450049, Россия"
608007747,OK,ГРОЗНЫЙ ИМЕНИ ХУСЕЙНА АБУБАКАРОВИЧА ИСАЕВА 36,
7730032150,OK,МОСКВА 2-Я ЭНТУЗИАСТОВ 5,
6670459753,"Ошибка: can only concatenate str (not ""NoneType"") to str",,"ننگرهار ولايت, افغانستان"
9715426146,OK,МОСКВА НОВОДМИТРОВСКАЯ 2,"12 с2, Большая Новодмитровская улица, Бутырский район, Москва, Центральный федеральный округ, 127015, Россия"
2014259624,OK,ГРОЗНЫЙ ИМ МИРЗОЕВА 25,
1660256032,OK,КАЗАНЬ ГВАРДЕЙСКАЯ 33,"33, Гвардейская улица, Клыковка, Советский район, Казань, городской округ Казань, Татарстан, Приволжский федеральный округ, 420073, Россия"
7718894438,OK,МОСКВА 24-Й 1,"Москва, Центральный федеральный округ, Россия"
3128133112,OK,БЕЛГОРОДСКАЯ ЦЕНТРАЛЬНАЯ 18,"18, улица Железнякова, Ячнево, Восточный округ, Белгород, городской округ Белгород, Белгородская область, Центральный федеральный округ, 308032, Россия"
3616008757,OK,ВОРОНЕЖ ОСТУЖЕВА 21,"21/1, улица Остужева, Колдуновка, Придача, Железнодорожный район, Воронеж, городской округ Воронеж, Воронежская область, Центральный федеральный округ, 394042, Россия"
7802199601,OK,САНКТ-ПЕТЕРБУРГ КОСТРОМСКОЙ 62,"62, Костромской проспект, Поклонная гора, округ Светлановское, Санкт-Петербург, Северо-Западный федеральный округ, 194214, Россия"
2543125207,OK,Владивосток 100-ЛЕТИЯ ВЛАДИВОСТОКА 155,"Фабрика Заря, Бизнес цех, 155, проспект 100-летия Владивостока, Советский район, Владивосток, Владивостокский городской округ, Приморский край, Дальневосточный федеральный округ, 690068, Россия"
7701529116,OK,МОСКВА КРЖИЖАНОВСКОГО 15,"Российская академия сельскохозяйственных наук, 15 к2, улица Кржижановского, Академический район, Москва, Центральный федеральный округ, 117218, Россия"
1657191681,OK,МОСКВА МЫТНАЯ 28,"28 с3, Мытная улица, район Якиманка, Москва, Центральный федеральный округ, 115162, Россия"
3435052585,OK,ВОЛЖСКИЙ ИМ ЛЕНИНА 353А,
6452148677,OK,САРАТОВ МОСКОВСКАЯ 113/117,"Московская улица, СГУ, Стрелка, Кировский район, Саратов, городской округ Саратов, Саратовская область, Приволжский федеральный округ, 410000, Россия"
7325124442,OK,ВОЛГОГРАД ИМ. СОЛНЕЧНИКОВА 11,
4027136246,OK,КАЛУГА МОСКОВСКАЯ 237,"237, Московская улица, Московский округ, Сосновый Бор, Калуга, городской округ Калуга, Калужская область, Центральный федеральный округ, 248001, Россия"
5503113553,OK,СОЧИ ГАСТЕЛЛО 23А,"23А, улица Гастелло, Голубые Дали, Адлер, Адлерский внутригородской район, Сочи, городской округ Сочи, Краснодарский край, Южный федеральный округ, 354340, Россия"
6685029520,"Ошибка: can only concatenate str (not ""NoneType"") to str",,"ننگرهار ولايت, افغانستان"
9731014414,OK,МОСКВА 1-Й ВОЛКОНСКИЙ 15,"Loft 15, 1-й Волконский переулок, Тверской район, Москва, Центральный федеральный округ, 127473, Россия"
7716230720,OK,ПЕТРОЗАВОДСК КАРЛА МАРКСА 24А,"24А, проспект Карла Маркса, Центр (район Петрозаводска), Петрозаводск, Петрозаводский городской округ, Карелия, Северо-Западный федеральный округ, 185000, Россия"
7716890406,OK,МОСКВА 17-Й МАРЬИНОЙ РОЩИ 4,
608005450,OK,НАЗРАНЬ БЕЛХАРОЕВА 11,
4825067331,OK,ЛИПЕЦК ПОПЕРЕЧНЫЙ 15,"15, Поперечный проезд, Правобережный округ, Липецк, городской округ Липецк, Липецкая область, Центральный федеральный округ, 398000, Россия"
7734212347,OK,МОСКВА ЩИПОК 18,"18, улица Щипок, район Замоскворечье, Москва, Центральный федеральный округ, 115054, Россия"
6658473007,OK,ЕКАТЕРИНБУРГ СВЕРДЛОВА 48,"улица Свердлова, Мельница, Екатерининский Парк, Вокзальный, Железнодорожный район, Екатеринбург, городской округ Екатеринбург, Свердловская область, Уральский федеральный округ, 620027, Россия"
7703595570,OK,МОСКВА БРЮСОВ 2/14,"2/14 с8, Брюсов переулок, 45, Пресненский район, Москва, Центральный федеральный округ, 125009, Россия"
7806056530,OK,САНКТ-ПЕТЕРБУРГ БАДАЕВА 8,"8 к1, улица Бадаева, округ Правобережный, Санкт-Петербург, Северо-Западный федеральный округ, 193318, Россия"
7801421194,OK,САНКТ-ПЕТЕРБУРГ 18-Я В.О. 29,"28-29-я линии В.О., Гавань, округ Гавань, Санкт-Петербург, Северо-Западный федеральный округ, 199106, Россия"
5032273578,OK,МОСКОВСКАЯ ТРЕХГОРНАЯ 4,"Кутузовский Меридиан, 4, Трёхгорная улица, Трёхгорка, Одинцовский городской округ, Московская область, Центральный федеральный округ, 143005, Россия"
7802856889,OK,САНКТ-ПЕТЕРБУРГ УДЕЛЬНЫЙ 5,"Опель центр, 5, Удельный проспект, Удельная, округ Светлановское, Санкт-Петербург, Северо-Западный федеральный округ, 194017, Россия"
2457049753,OK,МОСКВА АКАДЕМИКА ПАВЛОВА 56,"56 к1, улица Академика Павлова, район Кунцево, Москва, Центральный федеральный округ, 121359, Россия"
7729494230,OK,МОСКВА РЯБИНОВАЯ 61А,"Складовка, 61А с3, Рябиновая улица, район Очаково-Матвеевское, Москва, Центральный федеральный округ, 121471, Россия"
3849057370,OK,ИРКУТСК СУРНОВА 56,"56, улица Сурнова, Марата, Правобережный административный округ, Иркутск, городской округ Иркутск, Иркутская область, Сибирский федеральный округ, 664001, Россия"
2303021331,OK,БЕЛОРЕЧЕНСК ПРИОЗЕРНАЯ 5,"5, Приозёрная улица, Белореченск, Белореченское городское поселение, Белореченский район, Краснодарский край, Южный федеральный округ, 352633, Россия"
7816300957,OK,САНКТ-ПЕТЕРБУРГ ФУЧИКА 4,"4, улица Фучика, округ Волковское, Санкт-Петербург, Северо-Западный федеральный округ, 192242, Россия"
7725401757,OK,МОСКВА ХЕРСОНСКАЯ 5,"Школа № 538 имени С.В. Гришина. Корпус дошкольного образования, 5, Херсонская улица, район Зюзино, Москва, Центральный федеральный округ, 117461, Россия"
7720714650,OK,МОСКВА ЗООЛОГИЧЕСКАЯ 10,"10, Зоологическая улица, 48, Пресненский район, Москва, Центральный федеральный округ, 123056, Россия"
5902881028,OK,МОСКВА ВОЛГОГРАДСКИЙ 45,"45 с1, Волгоградский проспект, район Печатники, Москва, Центральный федеральный округ, 111116, Россия"
1207008978,OK,МАРИЙ ЭЛ ЧЕХОВА 24,"Наше Пиво, 24, улица Чехова, Медведево, Медведевский район, Марий Эл, Приволжский федеральный округ, 425231, Россия"
6316270445,OK,САМАРА МОСКОВСКОЕ 43,"43, Московское шоссе, Октябрьский район, Самара, городской округ Самара, Самарская область, Приволжский федеральный округ, 443028, Россия"
5903070946,OK,ПЕРМСКИЙ КОСМОНАВТОВ 320Б/11,
6950108726,OK,ТВЕРЬ СВОБОДНЫЙ 9,"9, Свободный переулок, Центральный район, городской округ Тверь, Тверская область, Центральный федеральный округ, 170100, Россия"
9725028948,OK,МОСКВА ЭЛЕКТРОДНАЯ 12,"12 с1, Электродная улица, район Перово, Москва, Центральный федеральный округ, 111141, Россия"
9729326504,OK,МОСКВА КАХОВКА 20А,"20А, улица Каховка, район Черёмушки, Москва, Центральный федеральный округ, 117461, Россия"
4823056870,OK,ЛИПЕЦК ГАГАРИНА 110,"вл110А, улица Гагарина, Советский округ, Липецк, городской округ Липецк, Липецкая область, Центральный федеральный округ, 398000, Россия"
7451422174,OK,ЧЕЛЯБИНСК ТОМИНСКАЯ 8,"8, Томинская улица, Мебельный, Советский район, Челябинск, Челябинский городской округ, Челябинская область, Уральский федеральный округ, 454053, Россия"
1655384303,OK,КАЗАНЬ ПУШКИНА 52,"52, улица Пушкина, Старо-Татарская слобода, Вахитовский район, Казань, городской округ Казань, Татарстан, Приволжский федеральный округ, 420008, Россия"
2465012193,OK,КРАСНОЯРСК ВЫСОТНАЯ 2Ц,"ЖК ""Высотная плюс "", 2Ц, Высотная улица, Октябрьский район, Красноярск, городской округ Красноярск, Красноярский край, Сибирский федеральный округ, 660000, Россия"
7706460228,OK,МОСКВА МЫТНАЯ 28,"28 с3, Мытная улица, район Якиманка, Москва, Центральный федеральный округ, 115162, Россия"
2312233653,OK,КРАСНОДАР ИМ. ФАДЕЕВА 212,
7714967999,OK,МОСКВА 2-Й ХОРОШЁВСКИЙ 7,
7017334036,OK,ТОМСК ПУШКИНА 63Г,"63Г, улица Пушкина, Томск II, Октябрьский район, Томск, городской округ Томск, Томская область, Сибирский федеральный округ, 634000, Россия"
2007007150,OK,ЧЕЧЕНСКАЯ МИРА 22,"22, улица Мира, Аргун, городской округ Аргун, Чечня, Северо-Кавказский федеральный округ, 366286, Россия"
6318234481,OK,МОСКВА ЭЛЕКТРОЛИТНЫЙ 1Б,"1Б, Электролитный проезд, Нагорный район, Москва, Центральный федеральный округ, 115230, Россия"
